accx,accy,accz
0.1772398,0.5586502,0.7960635
0.175025,0.5553856,0.8049169
0.1729768,0.5470136,0.8207692
0.1744111,0.5372571,0.8331438
0.1823986,0.5269169,0.8244823
0.1900188,0.5167547,0.8061835
0.1916808,0.5161902,0.796174
0.1869384,0.5190608,0.8029378
0.1818952,0.516518,0.8162398
0.1798412,0.5147817,0.8133577
0.1777675,0.5239492,0.8112264
0.1742212,0.5364579,0.8198278
0.1677758,0.5474587,0.8207352
0.1658937,0.5580589,0.8212124
0.1661224,0.5657015,0.816823
0.1613658,0.5706465,0.8036018
0.1630996,0.567699,0.7953566
0.1658534,0.5653852,0.7871592
0.1657882,0.5653217,0.7929272
0.1715654,0.5578879,0.8117023
0.1744347,0.5556931,0.8152899
0.1777152,0.5585216,0.8127148
0.1826957,0.5593725,0.8108357
0.1809692,0.5605016,0.8070767
0.1827651,0.560359,0.8049934
0.1882471,0.562398,0.8006477
0.1889981,0.5636183,0.7992943
0.1886297,0.5646579,0.7990047
0.1891229,0.5678377,0.7994429
0.1888669,0.565387,0.8033639
0.1881784,0.557642,0.8025227
0.1860766,0.5475883,0.8004833
0.181816,0.5431145,0.7930819
0.1803184,0.548627,0.7851752
0.1837261,0.5545113,0.7962911
0.1918349,0.5610129,0.8047851
0.1994596,0.5667108,0.7935517
0.1922654,0.5627551,0.7872363
0.1775738,0.5521377,0.7945487
0.1716786,0.5461442,0.7977577
0.1697994,0.5608394,0.7931473
0.1670679,0.5844733,0.7879244
0.1537108,0.5954503,0.7721298
0.1321753,0.614385,0.7530314
0.134073,0.6261402,0.7610423
0.1593978,0.606014,0.7873152
0.1910286,0.5913805,0.808018
0.2264978,0.5682813,0.8186705
0.2465669,0.5279159,0.8141329
0.2492908,0.5096895,0.811634
0.245431,0.4857846,0.8147477
0.2339814,0.456793,0.8034141
0.2228183,0.44992,0.7977985
0.2022771,0.4462521,0.7999385
0.182681,0.4554761,0.8033411
0.1854216,0.4772695,0.8253014
0.1830052,0.5019128,0.8391816
0.1764606,0.5334198,0.838486
0.1769263,0.5549642,0.8426669
0.1688008,0.5680494,0.8430091
0.1629659,0.576867,0.8369467
0.1567103,0.5798958,0.8240897
0.151598,0.5826541,0.8158521
0.162318,0.5813863,0.8053551
0.1688478,0.5833186,0.782292
0.1707187,0.5876127,0.7726478
0.1815137,0.5891428,0.7698329
0.1919416,0.5926136,0.7736765
0.1968716,0.5907723,0.7911467
0.2002785,0.5861687,0.7962058
0.2073818,0.5825298,0.7974617
0.2129331,0.5772255,0.801751
0.2157762,0.5687697,0.8045147
0.2184197,0.5524911,0.81238
0.2075831,0.5392817,0.8115336
0.1917284,0.5222467,0.8102137
0.1879399,0.50238,0.8144296
0.1783531,0.5079129,0.8086049
0.1578494,0.5177785,0.8068512
0.1471931,0.5223291,0.8122709
0.1448779,0.5330589,0.817264
0.1460007,0.5344766,0.8272831
0.1509549,0.5443916,0.8265822
0.1501102,0.5570594,0.8169362
0.1502925,0.550482,0.8163615
0.1527142,0.5492123,0.8148787
0.1506619,0.5490357,0.8146471
0.1527457,0.5415846,0.8184631
0.1542612,0.5394244,0.8165807
0.1538295,0.5376724,0.8161989
0.1566447,0.5359588,0.8142419
0.1636841,0.5360157,0.8123588
0.1789206,0.5360317,0.8202607
0.1897272,0.5352107,0.825069
0.1949363,0.5357378,0.8200819
0.2007848,0.5423759,0.8128611
0.2000446,0.5504551,0.8120956
0.1987616,0.5545285,0.8113437
0.1957615,0.5591606,0.8007235
0.1874957,0.5676755,0.7930922
0.1797785,0.5703901,0.7951251
0.1696251,0.5697411,0.7993438
0.1648379,0.5743193,0.7988303
0.1675232,0.5743597,0.7977074
0.1655061,0.5724699,0.7997094
0.1635087,0.5722756,0.7979499
0.1646433,0.5661989,0.7984812
0.1654501,0.5602776,0.801745
0.1686188,0.5568365,0.8091698
0.1705033,0.5503418,0.8209989
0.171047,0.5415159,0.8176828
0.1733777,0.5340364,0.8126512
0.1755246,0.5304791,0.8158762
0.1806296,0.532837,0.807587
0.1869699,0.5375926,0.7976536
0.1881108,0.5378812,0.7969164
0.1846923,0.5391336,0.799915
0.1819904,0.5448865,0.8055411
0.1834898,0.5512325,0.811725
0.1833666,0.5548943,0.8161279
0.1796541,0.5521262,0.8147866
0.1765486,0.551077,0.8110146
0.1737551,0.5522576,0.8093413
0.172327,0.5505131,0.8090846
0.1693539,0.5519127,0.8113845
0.1651625,0.5538151,0.8108534
0.1668019,0.5595373,0.8076702
0.1706594,0.5696437,0.8040934
0.1737921,0.5702589,0.7956151
0.1788787,0.5636146,0.7903546
0.1822486,0.5556856,0.7956898
0.1824274,0.5504152,0.803077
0.183265,0.5517242,0.804527
0.183935,0.5487837,0.8113832
0.1827716,0.5395516,0.8241258
0.1821848,0.535438,0.8194729
0.1811376,0.5337482,0.8097247
0.1798303,0.5305761,0.8105996
0.1799009,0.5323984,0.8107916
0.1759376,0.5364009,0.8150588
0.1699036,0.5421445,0.8169745
0.1689847,0.5535014,0.8131011
0.1690033,0.5598794,0.8123886
0.1678408,0.5577318,0.8055456
0.1697366,0.5533435,0.8027403
0.172137,0.5500954,0.8092598
0.172709,0.5509864,0.81067
0.1746722,0.5508442,0.8135098
0.1760471,0.5473364,0.8170646
0.1759619,0.544966,0.8145755
0.1796226,0.542017,0.8134526
0.1836437,0.5381343,0.8147474
0.183617,0.5372993,0.8143458
0.1830296,0.537967,0.8122388
0.1817043,0.5373426,0.8117138
0.177759,0.5386993,0.8136078
0.1738205,0.5413001,0.81527
0.1741654,0.5419234,0.8168121
0.1757577,0.5426019,0.8163568
0.1728635,0.5449712,0.8133854
0.1708844,0.5483164,0.8137534
0.1712949,0.5477385,0.8154007
0.1702505,0.5451463,0.8149955
0.1713219,0.5460228,0.8156304
0.1729951,0.5449897,0.8151978
0.1737651,0.5433695,0.8149907
0.1751271,0.5431301,0.8155831
0.1742586,0.5405662,0.8139708
0.1723805,0.5396258,0.8137653
0.1709936,0.5391559,0.8151846
0.173806,0.539064,0.8199991
0.1797331,0.5400814,0.8256129
0.1798586,0.5347302,0.821939
0.1795108,0.5289023,0.8143778
0.1786634,0.5305521,0.8112728
0.1729667,0.5337211,0.8128984
0.1731754,0.5361354,0.8179845
0.1763335,0.5384072,0.8214286
0.176506,0.5377886,0.8205911
0.1776923,0.5369511,0.816509
0.1777559,0.5393748,0.812358
0.1770906,0.5419115,0.8120089
0.1743786,0.54356,0.8139259
0.1707943,0.5438033,0.8158252
0.1724632,0.5431836,0.8191948
0.1748991,0.5443006,0.8228613
0.1762702,0.5408999,0.8228218
0.1793054,0.5352254,0.8213522
0.1822572,0.5355712,0.8214001
0.184136,0.5355012,0.8195023
0.1830121,0.5332952,0.8161865
0.1800521,0.5330565,0.8129506
0.1787382,0.5333901,0.8098249
0.1790371,0.5332947,0.8108347
0.1803987,0.5322792,0.8125765
0.1808404,0.5317228,0.813103
0.1794745,0.5321024,0.8165551
0.1760212,0.5328774,0.8177467
0.1713247,0.5336664,0.8174709
0.1711721,0.5338481,0.8194764
0.1722205,0.5359049,0.8203551
0.1692135,0.5385953,0.822734
0.1690299,0.5388391,0.8225064
0.170976,0.5394563,0.8183134
0.1710897,0.5407688,0.8196966
0.1734955,0.5394204,0.8203693
0.1776982,0.5381619,0.8155554
0.1804861,0.5392108,0.8134429
0.1803394,0.5389594,0.8136684
0.1801535,0.5382592,0.8142017
0.1821294,0.5373882,0.8201379
0.181308,0.5355688,0.8272497
0.1779598,0.5368117,0.8254456
0.1747681,0.5381187,0.8228302
0.1739544,0.536338,0.8227444
0.1758864,0.5358837,0.8187531
0.1750657,0.5375008,0.8192168
0.1758845,0.5397822,0.8195594
0.1802645,0.5417484,0.8142993
0.1816818,0.5414348,0.8132823
0.1815144,0.5388099,0.8125898
0.1794656,0.5368473,0.8127977
0.1765243,0.5390691,0.8166776
0.1746584,0.5443404,0.8191281
0.1742384,0.5479135,0.8231194
0.1767759,0.5477388,0.8228564
0.1769481,0.5466684,0.8170964
0.1781579,0.547145,0.8148905
0.1830533,0.5460638,0.8107959
0.183362,0.5425372,0.8069463
0.1802801,0.5407414,0.8114238
0.1764468,0.5405376,0.815895
0.1754039,0.5394228,0.8160376
0.1771612,0.5383875,0.8176809
0.176111,0.5390326,0.8203997
0.1762451,0.5402989,0.8192321
0.1765843,0.542403,0.8151613
0.1750911,0.5483504,0.8102307
0.1750127,0.5526578,0.8058008
0.174978,0.5481965,0.8075015
0.1763661,0.5434489,0.8132804
0.1787351,0.5451078,0.8154088
0.1804357,0.5446421,0.8114675
0.1807681,0.5403263,0.8064817
0.1783959,0.5381882,0.8097046
0.1772552,0.5368857,0.8132678
0.177796,0.5384697,0.8100726
0.1778833,0.5445116,0.8114433
0.1772741,0.548523,0.814131
0.1749317,0.5477233,0.8130499
0.1733143,0.5443447,0.8138015
0.1750333,0.5436838,0.8153299
0.1772757,0.5432091,0.8170428
0.1755947,0.5393,0.8166475
0.174361,0.5355519,0.8161935
0.178039,0.5313941,0.8163404
0.1819104,0.5353842,0.8107367
0.1839248,0.5440078,0.8074902
0.1814545,0.5417833,0.8116857
0.1763982,0.5405091,0.8155569
0.1755799,0.5431942,0.8142889
0.1747431,0.5433299,0.8125541
0.1729986,0.547727,0.8148526
0.1744679,0.5500045,0.8131589
0.1782468,0.5480153,0.8090147
0.1818845,0.5485923,0.8055642
0.1808389,0.5479355,0.8029309
0.17867,0.5434423,0.8087367
0.1794657,0.5376868,0.8132241
0.179115,0.536141,0.8123141
0.1791331,0.5382236,0.8133935
0.1803821,0.5375879,0.8142417
0.1800506,0.5370197,0.8156723
0.1780409,0.5377597,0.8157983
0.175119,0.5364338,0.8178832
0.1743681,0.5359224,0.8213785
0.1747942,0.5373097,0.8210382
0.1747381,0.5386522,0.8245053
0.1765414,0.5394545,0.8239073
0.1779169,0.53913,0.8173416
0.1796811,0.5382956,0.8160794
0.1824264,0.5382679,0.8143308
0.1818487,0.5404184,0.8135542
0.1804663,0.5412048,0.8144145
0.1787549,0.5385234,0.8142214
0.1770664,0.5389584,0.8161223
0.1788246,0.5412347,0.8151332
0.179896,0.5413085,0.814846
0.1792933,0.540386,0.8159631
0.178684,0.5379888,0.8146684
0.1784075,0.5381853,0.8161205
0.1811925,0.5380248,0.8180217
0.1833629,0.5348168,0.8199084
0.1826498,0.5361003,0.819521
0.1818516,0.5370197,0.8148524
0.1795685,0.5364133,0.8136486
0.1768976,0.5390915,0.815965
0.1746024,0.5387215,0.8215581
0.1723952,0.5358347,0.829225
0.1741355,0.5350532,0.8329623
0.1760743,0.5387244,0.8285797
0.1766215,0.5437046,0.8173113
0.1797636,0.5417441,0.8120964
0.1804884,0.539521,0.8139129
0.1779307,0.5409829,0.8143949
0.1761402,0.5394285,0.8151788
0.1784207,0.5373927,0.8170116
0.1818756,0.5358047,0.8189457
0.1776864,0.5353048,0.818156
0.1746781,0.5374924,0.8171645
0.1755293,0.538577,0.8171762
0.1683289,0.5406708,0.8124727
0.1611791,0.5416377,0.8103254
0.163375,0.5412759,0.8152677
0.1664463,0.5458249,0.8225592
0.164779,0.5458961,0.8267879
0.1649128,0.5394749,0.8219482
0.1668693,0.5365518,0.8144632
0.168782,0.537723,0.8111752
0.1759244,0.5402882,0.8117639
0.1791551,0.5397063,0.8128239
0.1774758,0.5406047,0.8112699
0.1809995,0.5458618,0.8127398
0.1834936,0.5478062,0.8152509
0.1816829,0.5476016,0.8140685
0.1761991,0.5453642,0.8112748
0.1715846,0.5425673,0.8077841
0.174001,0.5415634,0.8118726
0.1761982,0.5408036,0.818618
0.1763202,0.5424289,0.8163158
0.1767274,0.5423796,0.8150868
0.1759838,0.5445331,0.8136384
0.1744154,0.5487082,0.8091069
0.1695147,0.5443303,0.8124385
0.1649626,0.5418395,0.8145336
0.1671766,0.5455506,0.8122885
0.1698647,0.54737,0.812874
0.1695874,0.5479075,0.8103494
0.1735753,0.5486863,0.8089412
0.178657,0.5501295,0.8105101
0.1796423,0.547648,0.8086449
0.1804635,0.5441494,0.808274
0.1808532,0.5451254,0.8085065
0.1822874,0.5446679,0.8052411
0.1843809,0.5438483,0.8044331
0.1840133,0.5450197,0.8066632
0.1843088,0.5454865,0.806733
0.1822217,0.546796,0.8058276
0.1773322,0.5478235,0.80717
0.1726014,0.5470235,0.8105762
0.163938,0.5470678,0.8131109
0.1554242,0.5474958,0.8132943
0.1529301,0.5470278,0.8158716
0.1543259,0.5465398,0.820379
0.1571199,0.5437579,0.820752
0.1606136,0.5404089,0.8214505
0.1658662,0.5413751,0.822956
0.1705651,0.5424489,0.8188564
0.1734665,0.5417486,0.817636
0.1767744,0.5442857,0.8201755
0.1771763,0.546824,0.8173352
0.175261,0.5449313,0.8169353
0.1748486,0.5438432,0.8175405
0.1733041,0.5456484,0.8138488
0.1729605,0.5462084,0.8160759
0.1742014,0.5451627,0.8206771
0.1715019,0.5431194,0.8220876
0.1671094,0.5414502,0.8198805
0.1624954,0.5443556,0.8126461
0.1580222,0.5492234,0.8112045
0.1548345,0.5500987,0.8141217
0.1528082,0.5493566,0.8156343
0.1549031,0.548561,0.8189049
0.1576595,0.5465126,0.8166352
0.1625882,0.5467384,0.8127243
0.1713551,0.5466395,0.8139863
0.1722901,0.5431389,0.8131674
0.1708095,0.5415561,0.8119167
0.1739252,0.5416527,0.8131912
0.1738938,0.5416971,0.8152475
0.1731725,0.5427746,0.8175847
0.172708,0.5426628,0.8178881
0.1709111,0.5404602,0.8177481
0.1704277,0.5381859,0.8184291
0.1693773,0.5397382,0.8177919
0.1664709,0.5434941,0.8169627
0.1633682,0.545568,0.8166732
0.1634387,0.5489856,0.8163972
0.1646677,0.551146,0.8168457
0.1647938,0.5493365,0.8158438
0.1678874,0.5480089,0.8119569
0.1721304,0.5466135,0.8094946
0.1756354,0.5450408,0.8135473
0.1783106,0.5447245,0.8186461
0.1777389,0.5458289,0.8149112
0.1765946,0.547892,0.8109978
0.1759726,0.5465932,0.8128813
0.1736966,0.5448399,0.8107074
0.1696875,0.5466109,0.808674
0.1672422,0.5477526,0.81088
0.1706207,0.5487659,0.8132216
0.1734698,0.5495456,0.8154217
0.1699665,0.5499823,0.8113386
0.1673004,0.5530016,0.8061742
0.167118,0.552268,0.8092756
0.1655012,0.5456003,0.8117519
0.1650251,0.5402464,0.81252
0.1665282,0.5392818,0.8163698
0.1685695,0.5417058,0.8161497
0.1721068,0.5452219,0.8141597
0.1755416,0.5502485,0.8169746
0.1759543,0.5529854,0.8179021
0.1761767,0.5504772,0.8175229
0.1772244,0.5493424,0.8205573
0.1716338,0.5482685,0.8231565
0.1633904,0.5452259,0.8246358
0.1635404,0.5414973,0.8249781
0.1652878,0.537098,0.8238434
0.1653898,0.5385105,0.8189748
0.1700565,0.540396,0.8125587
0.1720619,0.5387422,0.8129094
0.1691222,0.5415032,0.8126994
0.1682402,0.5443931,0.8104501
0.1679943,0.546382,0.8141844
0.1678533,0.5486997,0.8174962
0.1686816,0.5476313,0.8198166
0.1696784,0.5459344,0.8192728
0.1708473,0.5420368,0.8110875
0.1683046,0.5401505,0.8063857
0.1643849,0.5429286,0.8077751
0.1650071,0.5423498,0.8072747
0.1660141,0.5428461,0.805898
0.1663411,0.5440913,0.8104751
0.1696768,0.5431245,0.8173596
0.172268,0.5452481,0.8157686
0.1725292,0.5456268,0.8142012
0.1737677,0.5453864,0.8181771
0.1732647,0.5464109,0.8191834
0.1683026,0.5431789,0.8223615
0.1635867,0.5372365,0.8262609
0.1634299,0.5294896,0.8226572
0.1661647,0.5266876,0.8174147
0.167309,0.5285074,0.8162523
0.1664943,0.524891,0.819439
0.1667432,0.5245294,0.8218162
0.167708,0.5302292,0.8199343
0.1685887,0.5341903,0.8186872
0.1699883,0.5378032,0.8200196
0.1711661,0.5392542,0.8220122
0.1711371,0.5404592,0.825084
0.1708385,0.5426657,0.8270878
0.1726776,0.5415104,0.8231315
0.174018,0.5411377,0.817176
0.1713883,0.5406814,0.8131103
0.1686189,0.5366696,0.8106655
0.1693054,0.533492,0.8152199
0.1714917,0.5325667,0.8209401
0.1712459,0.5325967,0.8206036
0.1701729,0.5318956,0.8220491
0.1709824,0.5315147,0.8237969
0.1700543,0.5323589,0.8231172
0.1689874,0.5318244,0.8255683
0.1705803,0.5317743,0.8256439
0.1709728,0.5331336,0.8229858
0.1695304,0.5361657,0.8228537
0.1673371,0.5403423,0.8182984
0.1661858,0.5394966,0.8132259
0.1676418,0.5376778,0.8148374
0.1687136,0.5395784,0.8143345
0.1685074,0.5393425,0.8130168
0.1677846,0.5401058,0.8203328
0.1663683,0.5424382,0.8281448
0.1665804,0.5387402,0.825533
0.1690674,0.5323047,0.823053
0.1708297,0.528342,0.8263304
0.1710564,0.5283884,0.8249505
0.1704907,0.5301016,0.8241417
0.1686984,0.5292132,0.8258533
0.1667437,0.5306152,0.8234808
0.1662024,0.5331017,0.8237095
0.1668283,0.5318542,0.8259308
0.1668443,0.532736,0.827232
0.1660211,0.5350835,0.8272179
0.1650583,0.5358816,0.8223816
0.1633673,0.5372912,0.8191111
0.1636695,0.5376233,0.8197073
0.1657835,0.5358314,0.8205595
0.1671526,0.5322048,0.8203599
0.1697232,0.5293921,0.8189977
0.1709481,0.5303783,0.8184549
0.1701724,0.5319122,0.8173062
0.1694161,0.5337492,0.8182244
0.167716,0.5366035,0.8197461
0.1694829,0.534175,0.8193006
0.1721164,0.5300011,0.8234281
0.1701785,0.5321302,0.8280084
0.1678064,0.533027,0.8299633
0.1635257,0.5318393,0.8298192
0.1592276,0.5340948,0.8281908
0.1612271,0.5330294,0.8307284
0.1631385,0.5295823,0.8308265
0.1628944,0.5273958,0.8270154
0.164075,0.5261164,0.8197653
0.1623242,0.5289083,0.8103111
0.1599941,0.5310064,0.8151371
0.1613537,0.5318468,0.8271173
0.1615937,0.5328972,0.8321042
0.1621298,0.5312155,0.8311569
0.1662495,0.5319301,0.8235457
0.170217,0.5325538,0.8177584
0.1716697,0.531201,0.8150491
0.1707836,0.5324102,0.8143949
0.1702486,0.5315713,0.8183337
0.1703237,0.5298044,0.8185598
0.1690485,0.5298308,0.820031
0.1695682,0.5323055,0.82469
0.1716756,0.5370976,0.8253135
0.1713953,0.5354685,0.8253709
0.166935,0.5313893,0.8245862
0.1611074,0.5311529,0.8251208
0.1617414,0.5302955,0.8266169
0.1653211,0.5313587,0.8272089
0.1663317,0.5322896,0.8304235
0.1696654,0.5298129,0.8302437
0.1705401,0.5283103,0.8258315
0.1683404,0.5270942,0.8197385
0.1700861,0.5250362,0.815887
0.1705615,0.5235534,0.8188482
0.1706784,0.5236469,0.8194889
0.1724383,0.526281,0.8188498
0.1719553,0.5333227,0.8196579
0.1722294,0.5410564,0.8163244
0.1714552,0.5399385,0.8144495
0.1699815,0.537083,0.8158231
0.1702829,0.5398397,0.8181634
0.1687527,0.5390895,0.8206216
0.1674336,0.5380391,0.8213214
0.1665432,0.5395434,0.8224078
0.1661145,0.5374298,0.8226323
0.1681198,0.5356656,0.8218269
0.1711403,0.5333353,0.8223273
0.1756451,0.529653,0.8223491
0.1758521,0.5294843,0.8220429
0.17176,0.5283535,0.822141
0.1712285,0.5243492,0.821346
0.1707284,0.5217152,0.8208328
0.1700406,0.5242232,0.8231289
0.1694888,0.5284,0.8270181
0.1662146,0.5270316,0.8274234
0.1667177,0.5263708,0.8214574
0.1699837,0.5291739,0.815958
0.1708544,0.5326647,0.8192271
0.1695204,0.5379825,0.8246971
0.1669733,0.5370129,0.8256692
0.1679272,0.5342744,0.8274835
0.1688386,0.5367444,0.8309326
0.1675041,0.5334435,0.8323739
0.1692371,0.5302779,0.8304506
0.1700707,0.5324639,0.8272355
0.1700124,0.5310315,0.8257379
0.1711493,0.5305647,0.8231016
0.169908,0.5334343,0.8217703
0.1689995,0.5351168,0.8214512
0.1693414,0.5333624,0.817461
0.1686344,0.5306214,0.8189828
0.1684635,0.5321493,0.8226937
0.1716282,0.5323186,0.8219084
0.1759197,0.5303508,0.8230692
0.1755265,0.5307249,0.8191009
0.1738542,0.5305618,0.8156028
0.1734575,0.5321484,0.8197719
0.1706382,0.5360213,0.8185087
0.1691618,0.5383756,0.8170154
0.1696077,0.5381493,0.8170287
0.1682841,0.5375853,0.8136604
0.1681515,0.5395125,0.8154714
0.1708432,0.5390737,0.8211946
0.1757729,0.5372122,0.8276685
0.1792581,0.5376584,0.8280491
0.1757017,0.5363506,0.8232975
0.169007,0.5357729,0.8255916
0.1653396,0.5363709,0.8255432
0.1659751,0.535868,0.8225382
0.1677421,0.5363102,0.8199178
0.1668546,0.5358615,0.8135027
0.1688844,0.5351184,0.8179276
0.1726008,0.5348569,0.8233889
0.1715052,0.5352528,0.8161063
0.1721027,0.5367663,0.8136862
0.1739022,0.5360864,0.8171559
0.1732612,0.5364628,0.8215389
0.173717,0.5399194,0.8268069
0.1725408,0.541611,0.8248189
0.1707797,0.5402916,0.8192129
0.1710065,0.5385711,0.8174896
0.1715494,0.5388643,0.8186715
0.1724974,0.5381181,0.8201016
0.1714134,0.5368416,0.8193696
0.1698416,0.5379902,0.8180535
0.1696353,0.5383922,0.8185209
0.1693513,0.5389639,0.8197188
0.1711946,0.5398107,0.8202266
0.172664,0.5405738,0.8154217
0.1726916,0.5414361,0.8080254
0.1745003,0.5384416,0.8098708
0.1756098,0.538047,0.8156847
0.1763769,0.5424452,0.8185971
0.177046,0.5444923,0.8228834
0.1762256,0.5464542,0.820956
0.1781767,0.5457664,0.8151885
0.1801281,0.5412566,0.8165285
0.1788772,0.5401082,0.8159176
0.1783353,0.5417426,0.8139229
0.175106,0.5437012,0.8172151
0.168756,0.5424003,0.8167606
0.1673723,0.539737,0.815093
0.1719746,0.5414561,0.8157591
0.1747728,0.5420093,0.8146695
0.1717196,0.5417411,0.8160857
0.169677,0.5437694,0.8185523
0.171177,0.544679,0.8214669
0.1710694,0.5448318,0.8233323
0.1704811,0.5435486,0.8196884
0.1713778,0.5411723,0.81875
0.1726424,0.5370304,0.8193704
0.1740191,0.5335663,0.8157373
0.1739561,0.5350622,0.8118446
0.1731455,0.5349571,0.8117501
0.1737753,0.5345497,0.8168779
0.1741414,0.5372251,0.8191315
0.1749019,0.5386059,0.8213864
0.1762829,0.5399515,0.8274503
0.1747158,0.5414703,0.8245941
0.1727321,0.5429998,0.8197698
0.1702241,0.5403024,0.8189116
0.1657518,0.5326094,0.8140516
0.1654451,0.5310151,0.8126382
0.16498,0.5346569,0.818454
0.1613079,0.538012,0.8261825
0.163038,0.5398965,0.8278747
0.1655432,0.5384829,0.8223831
0.1655617,0.5375569,0.8216831
0.1705389,0.5363353,0.8237233
0.1762399,0.5335149,0.824429
0.1787162,0.5317425,0.8253997
0.1796078,0.5297856,0.8228254
0.1768071,0.5287158,0.8221417
0.173753,0.5293025,0.8250894
0.1724222,0.5303951,0.8269334
0.1688495,0.5318847,0.8251252
0.1644981,0.5330855,0.8192137
0.1634523,0.5341957,0.8163023
0.1649831,0.5359513,0.8171778
0.1667523,0.5381884,0.8185302
0.171227,0.5376437,0.8188183
0.1767057,0.5353151,0.8190919
0.178165,0.5357795,0.8218677
0.1768105,0.5347757,0.8210902
0.172654,0.5300348,0.8195813
0.1695147,0.5279793,0.8198659
0.1702976,0.5303201,0.8171491
0.1708186,0.5313718,0.8186027
0.1712151,0.5300386,0.8233759
0.1706694,0.5305879,0.8256677
0.1705615,0.5308623,0.8261504
0.1711865,0.5301589,0.8258817
0.1694765,0.5306545,0.8281446
0.1696804,0.5296037,0.8263859
0.1715089,0.5291078,0.8218267
0.1734375,0.5314508,0.8238217
0.1744371,0.53443,0.8248585
0.1731739,0.5362229,0.8223069
0.1746212,0.5350767,0.8185112
0.1759358,0.5334485,0.8126924
0.1758709,0.5330989,0.8116127
0.1758546,0.5332757,0.814852
0.1729161,0.5340972,0.815966
0.1723147,0.5360068,0.8151271
0.1718939,0.5392333,0.8150612
0.1681988,0.5396168,0.8160888
0.1693242,0.5381693,0.8178098
0.1724613,0.5391549,0.8202406
0.1729894,0.5394086,0.8200845
0.1742785,0.5403181,0.8195396
0.1746477,0.5421703,0.8215447
0.1745704,0.5395982,0.8206612
0.1746901,0.5360909,0.8180923
0.1731517,0.5357231,0.8165864
0.1743136,0.5362129,0.8159559
0.1760723,0.5367455,0.8179412
0.1752586,0.5386846,0.818015
0.1756046,0.5411148,0.8172411
0.1740108,0.5406599,0.818503
0.171805,0.5397453,0.8161004
0.1729526,0.5418952,0.8139239
0.174813,0.5434841,0.8146668
0.1769581,0.5427476,0.8159937
0.1756646,0.5404169,0.8214925
0.1718986,0.5384325,0.8240822
0.1711522,0.5397986,0.8203986
0.1709943,0.5427353,0.8176381
0.1724003,0.5460803,0.8147024
0.1747456,0.546221,0.815076
0.1744079,0.5411195,0.8173297
0.1752739,0.5386456,0.8116945
0.177623,0.5403084,0.8066229
0.1797158,0.5441062,0.8075628
0.1812333,0.547719,0.8066504
0.1796117,0.5474683,0.8047865
0.1784437,0.54856,0.8041004
0.1798843,0.5491093,0.8047321
0.1814935,0.5460598,0.8062255
0.1849772,0.5455236,0.8055197
0.1864642,0.5458673,0.8066403
0.1810568,0.5461522,0.8132482
0.175628,0.5478009,0.8193744
0.175393,0.5489057,0.8175609
0.1752317,0.5490013,0.8110459
0.1734426,0.5476492,0.8085801
0.1763903,0.5459887,0.8081024
0.1820202,0.5439308,0.8072284
0.1826696,0.5436986,0.805378
0.1812078,0.5453617,0.8013362
0.1802252,0.5446378,0.8029486
0.1786473,0.5468032,0.8076427
0.1791209,0.5500791,0.8090291
0.1804719,0.5483698,0.8119558
0.1806055,0.5481995,0.8147297
0.1806368,0.5489082,0.8162394
0.1801448,0.5474413,0.8173382
0.178731,0.5470168,0.8173135
0.1773234,0.5471673,0.8161735
0.1776652,0.5471666,0.8127735
0.1791104,0.5455873,0.8142385
0.1789076,0.5417129,0.8168841
0.1773496,0.5383428,0.8139912
0.1759143,0.5386221,0.8138812
0.1760553,0.5413489,0.8146746
0.1774377,0.5420082,0.8166436
0.1788525,0.5410964,0.8198002
0.1815663,0.5393556,0.8174439
0.182668,0.5383437,0.8168934
0.1815083,0.5406716,0.8153778
0.1820772,0.5410292,0.8110034
0.1815104,0.5393159,0.8141816
0.1790136,0.5396398,0.8167885
0.1767168,0.5392085,0.8143142
0.1749129,0.5401539,0.8133604
0.1749188,0.5427232,0.8123233
0.1751438,0.5417161,0.8120289
0.1759073,0.5407081,0.8145648
0.1764325,0.5404265,0.8204401
0.1744677,0.5381465,0.8272393
0.1730853,0.5383545,0.8257317
0.173409,0.5387192,0.8195438
0.1737997,0.5370992,0.8170018
0.1726195,0.5392282,0.8126088
0.1724327,0.540769,0.8121515
0.176414,0.537349,0.8204824
0.1805926,0.5350864,0.8254641
0.1814639,0.5364118,0.8258619
0.1800834,0.53839,0.8232189
0.1798316,0.5392989,0.8173177
0.1780515,0.5401199,0.8136992
0.1731341,0.541496,0.817746
0.1720148,0.5426751,0.825361
0.1725303,0.5421852,0.8213518
0.1716805,0.5385603,0.81658
0.1653979,0.5100376,0.8425207
0.1668625,0.511874,0.8412257
0.1672746,0.5102394,0.8388271
0.1700683,0.5081332,0.8370086
0.16863,0.5048377,0.840269
0.166569,0.505331,0.8421353
0.1630554,0.5105762,0.8380235
0.1578559,0.5105302,0.8344628
0.1548918,0.5092786,0.8359008
0.1528669,0.5117161,0.8389554
0.1557576,0.5132664,0.837079
0.1576746,0.5133356,0.8305425
0.1585474,0.5166238,0.8267056
0.163924,0.5211571,0.829284
0.1655924,0.5198331,0.8306903
0.1668802,0.5183257,0.8293486
0.1711633,0.5201693,0.8324715
0.1755865,0.5190684,0.837168
0.1808728,0.5172213,0.8402841
0.1834971,0.5166081,0.8384449
0.1834937,0.5170886,0.8351387
0.1792845,0.5215091,0.8359791
0.1725835,0.5251827,0.8323361
0.1698041,0.5245165,0.8305038
0.1713054,0.5239038,0.8299158
0.1744365,0.524652,0.8239955
0.1737938,0.5251009,0.8264709
0.1737277,0.5247308,0.8287546
0.1751957,0.5228078,0.8265217
0.1723009,0.5193187,0.8287208
0.1707532,0.514988,0.8280921
0.1692761,0.509117,0.8301895
0.1686357,0.5042581,0.8347753
0.1713829,0.5050398,0.8357441
0.1707001,0.5065093,0.8400587
0.1711801,0.5050307,0.8424054
0.173974,0.5054822,0.8378203
0.1752833,0.5065113,0.8329051
0.1756969,0.5087024,0.8304329
0.1742942,0.5152127,0.8270955
0.1747499,0.5184091,0.825043
0.1736923,0.5161716,0.8281418
0.1708077,0.51529,0.8292669
0.1716182,0.5154878,0.8285546
0.1708734,0.5150381,0.8288927
0.1702486,0.5153211,0.8281818
0.1707076,0.5150654,0.8331772
0.1664327,0.5133035,0.8394059
0.1614763,0.5120529,0.8387195
0.1611621,0.5119642,0.8383319
0.1681443,0.511004,0.8396076
0.1786333,0.5091065,0.8396573
0.1828356,0.5088166,0.8403385
0.1797529,0.507677,0.8399445
0.1757926,0.5044124,0.8363776
0.172738,0.505112,0.8354308
0.1669716,0.5071057,0.8434757
0.1606206,0.5087931,0.8513289
0.1574137,0.5168499,0.845698
0.1564156,0.5213828,0.8349776
0.1577271,0.5152643,0.8299139
0.1606552,0.5113156,0.8256566
0.1629031,0.5131017,0.8262836
0.1603713,0.5126682,0.832166
0.1572949,0.5090356,0.8367266
0.1622456,0.5069372,0.8436246
0.1666473,0.5045324,0.8425694
0.1651488,0.4990434,0.8383006
0.1649523,0.494758,0.8470202
0.1657374,0.4928021,0.8507857
0.1660835,0.4927311,0.8480429
0.1665349,0.4934625,0.8506593
0.1639878,0.4940704,0.8517978
0.1575755,0.4996575,0.8524075
0.1528755,0.5066626,0.8546285
0.1546663,0.5069599,0.8566719
0.1595873,0.5064644,0.8502371
0.1631572,0.5103689,0.8366884
0.1642751,0.5120685,0.833983
0.1646447,0.509467,0.8367335
0.1665638,0.5052543,0.8352978
0.1672266,0.5010319,0.8350148
0.1662533,0.501969,0.8380833
0.1669568,0.5024003,0.8421823
0.1682346,0.4984064,0.8422406
0.1707549,0.4997408,0.843169
0.1731937,0.4999671,0.8467814
0.1709829,0.4961861,0.8467878
0.168031,0.4965124,0.8448883
0.1662901,0.4960851,0.8419275
0.1621158,0.4973024,0.8415268
0.157425,0.5005388,0.8427447
0.1558961,0.4991285,0.8420656
0.1577294,0.4981367,0.8453056
0.160003,0.4987034,0.8464273
0.1617965,0.498473,0.8420458
0.163647,0.4977533,0.8393453
0.1653027,0.4971673,0.8382646
0.1692058,0.4990565,0.8409936
0.1739273,0.5003255,0.8463615
0.1759012,0.4979148,0.8507998
0.1752902,0.4947589,0.8544797
0.1739545,0.4947294,0.8555711
0.1735498,0.4964073,0.8534363
0.1717127,0.496821,0.8460688
0.170047,0.4999779,0.8381675
0.1687845,0.5043698,0.8374247
0.1648138,0.5029052,0.8436901
0.1636297,0.4998835,0.849607
0.1629982,0.499702,0.8450631
0.1621178,0.4981495,0.8398063
0.1652702,0.4972334,0.8413793
0.1650709,0.5014434,0.8408139
0.1654945,0.5066876,0.8410626
0.1680703,0.5080424,0.8420253
0.166184,0.5063527,0.8414482
0.1675785,0.5054102,0.8419395
0.1707561,0.5036699,0.8406807
0.1735897,0.4999627,0.8382031
0.1780993,0.4994989,0.8353407
0.1762094,0.5003292,0.836236
0.1718537,0.4998275,0.839524
0.1683099,0.500108,0.8399744
0.163293,0.5002973,0.8439363
0.1632299,0.5017707,0.8460548
0.1644664,0.5034248,0.8433703
0.1625719,0.5030151,0.844287
0.1628074,0.5035807,0.8430665
0.1652746,0.505634,0.8405246
0.1681357,0.5067225,0.8424448
0.1708381,0.505367,0.8449505
0.1734731,0.5017866,0.8481331
0.1746788,0.4994968,0.8491126
0.1730326,0.5036047,0.8454878
0.1737289,0.509332,0.8431291
0.1757288,0.5087305,0.8418058
0.1741808,0.5085674,0.8370053
0.1715175,0.513263,0.8329027
0.168283,0.5164733,0.8345841
0.1651758,0.5157493,0.8364571
0.1616481,0.5135258,0.837871
0.1595966,0.5104174,0.8432567
0.1622846,0.5033811,0.843391
0.1638035,0.4987338,0.8365015
0.1677421,0.5005506,0.8338155
0.1742647,0.5000105,0.8365536
0.173985,0.4995279,0.8406356
0.1732537,0.5006556,0.8418448
0.1735545,0.5009149,0.8412689
0.1713293,0.5074872,0.8409074
0.1696884,0.5143876,0.8351837
0.1698619,0.5137465,0.8305772
0.1750822,0.5140435,0.8352184
0.1796288,0.5176656,0.839578
0.1779399,0.5161819,0.8374754
0.1764385,0.5117201,0.8364103
0.1747926,0.5114946,0.8386286
0.1692111,0.5096152,0.838924
0.165151,0.5061613,0.8422137
0.1661613,0.5054485,0.8457132
0.1665287,0.5052743,0.8392584
0.1672814,0.5078632,0.8307638
0.170874,0.5089786,0.8267018
0.1742206,0.5079163,0.8283399
0.1793129,0.508663,0.8356541
0.1806495,0.5080822,0.8422315
0.177921,0.5083986,0.8466677
0.1795296,0.5085186,0.8457913
0.1791984,0.5077803,0.8373025
0.1768605,0.5076663,0.8290691
0.177148,0.5056921,0.8304725
0.1763331,0.5059175,0.8345155
0.1740412,0.5066252,0.8318369
0.1689328,0.5049926,0.8371478
0.1648372,0.5046905,0.8466343
0.1651356,0.5048174,0.8469146
0.1654453,0.5045984,0.850241
0.1662794,0.50325,0.8515307
0.1669324,0.5017852,0.8470247
0.1667844,0.5011921,0.8454254
0.1679752,0.49995,0.841055
0.1707047,0.5013517,0.8389692
0.1753576,0.5026219,0.8388053
0.1783557,0.4965286,0.8331118
0.1780592,0.4914704,0.8337445
0.17713,0.4972798,0.8399552
0.1750848,0.5030349,0.84419
0.1702214,0.5014096,0.8506308
0.1673184,0.5023245,0.8502185
0.1733607,0.5037023,0.846037
0.1784553,0.5001383,0.8487424
0.1731628,0.4997885,0.8421991
0.168252,0.5027454,0.8328076
0.1671534,0.5056916,0.8349001
0.1636056,0.5081776,0.8371532
0.1612831,0.506282,0.8424183
0.1625466,0.5033325,0.8479294
0.1619901,0.5006599,0.8442016
0.1607515,0.4971477,0.8387898
0.1633567,0.4951809,0.8364718
0.1664837,0.4922275,0.8373968
0.1674791,0.4919818,0.8379647
0.1684155,0.4934316,0.8375624
0.1699569,0.491292,0.8405943
0.1707394,0.4940352,0.8471082
0.1706561,0.4977443,0.8521226
0.1710426,0.4965851,0.8490393
0.1708574,0.4993499,0.8425241
0.1705937,0.5029213,0.8397487
0.1711052,0.5031578,0.8421378
0.1703425,0.5033582,0.8464535
0.1684503,0.5024898,0.8449224
0.165029,0.5008672,0.8415214
0.1626355,0.5001124,0.8384687
0.1644791,0.5001132,0.8344945
0.16609,0.500232,0.8378249
0.1667102,0.5017041,0.8405368
0.1669767,0.5032097,0.8369414
0.1655345,0.5009821,0.837879
0.1659369,0.4990978,0.840563
0.1672891,0.5001176,0.8429089
0.1675145,0.5002694,0.8472445
0.1682501,0.500129,0.850867
0.1682065,0.5018126,0.8528056
0.1689158,0.5032624,0.8490997
0.1735271,0.5019711,0.8416993
0.1780204,0.5007399,0.8349137
0.1764528,0.5017294,0.8339746
0.1712479,0.5031663,0.8386255
0.1657546,0.5063957,0.8374817
0.1606908,0.5094738,0.8392972
0.1625746,0.5076721,0.8462114
0.1655779,0.505319,0.8459803
0.1606033,0.5050522,0.8419761
0.1575398,0.5036107,0.8351971
0.1578552,0.5035042,0.8361302
0.1605046,0.5034638,0.8416592
0.1666714,0.5018992,0.8390395
0.1675972,0.5050982,0.8426979
0.1709241,0.510654,0.8445416
0.1763481,0.515158,0.8410219
0.1732934,0.516923,0.8418499
0.1745498,0.5142078,0.8353159
0.177832,0.5149727,0.8319222
0.1735957,0.5146161,0.8356563
0.1710645,0.5084633,0.8363982
0.1697153,0.5048561,0.8374838
0.1661035,0.5012422,0.8388279
0.1631546,0.4969792,0.8421446
0.1639382,0.4936038,0.8381432
0.166451,0.4932848,0.8315296
0.1639805,0.4970746,0.8360753
0.162226,0.4968815,0.838688
0.1639073,0.4990401,0.8414111
0.1640643,0.5034681,0.8461238
0.166081,0.5031364,0.8447703
0.1681604,0.5073347,0.844063
0.1683523,0.5132643,0.8403003
0.1698197,0.5157953,0.8350289
0.1740479,0.5147699,0.835207
0.1817598,0.5085142,0.8324153
0.1845333,0.5031747,0.8305635
0.1792128,0.5013476,0.8397295
0.1748081,0.5037378,0.8475494
0.172357,0.5066739,0.8423808
0.166521,0.5095448,0.8372431
0.1601281,0.5138934,0.8403591
0.1594403,0.5123914,0.842509
0.1591058,0.5115936,0.8409997
0.1588361,0.5126046,0.8378672
0.1630563,0.5093548,0.8352089
0.1642577,0.5069833,0.836752
0.1658081,0.5008122,0.83844
0.1683526,0.4951318,0.8366796
0.1656989,0.4959847,0.8352929
0.1670643,0.4956465,0.8364674
0.1703887,0.4953302,0.8404946
0.1717581,0.4933912,0.8453121
0.1741136,0.4906185,0.8464343
0.1722696,0.4929749,0.8404732
0.170664,0.4959079,0.8315147
0.1698149,0.4995186,0.8328396
0.1664378,0.5074882,0.8408345
0.1647696,0.5147759,0.8422677
0.163537,0.5154509,0.8414108
0.1654939,0.5149545,0.8389066
0.1677382,0.5168066,0.8361414
0.165305,0.5139605,0.837459
0.1659754,0.5113846,0.8349143
0.17085,0.5114929,0.8321396
0.1751367,0.5079896,0.8334806
0.1740249,0.5054991,0.8329972
0.17023,0.5020538,0.830613
0.1701529,0.4986699,0.8292589
0.1684468,0.4999923,0.8357896
0.1654011,0.4963089,0.8469383
0.1644812,0.4918252,0.8510594
0.1675201,0.4931403,0.8491539
0.1740304,0.4935995,0.8484043
0.1724171,0.4956308,0.8489291
0.167552,0.5010544,0.8463847
0.166681,0.5051802,0.8449296
0.1644655,0.5043565,0.8453497
0.1669806,0.5014548,0.8437729
0.169547,0.501376,0.8428257
0.1675813,0.5010502,0.8394745
0.1705426,0.5001088,0.8363418
0.1743156,0.49861,0.8395062
0.1748816,0.4979409,0.8422947
0.1717596,0.5008171,0.8424401
0.1678211,0.5005227,0.845152
0.1705702,0.49856,0.8493993
0.1728249,0.4977297,0.8487704
0.1719964,0.4940446,0.8445151
0.1733461,0.4942784,0.8413603
0.1738709,0.4989257,0.8392514
0.173925,0.5007036,0.8396522
0.1753904,0.5002979,0.8383035
0.1768827,0.4999066,0.8346578
0.1763503,0.5018425,0.8359965
0.1739117,0.5036517,0.8371286
0.1725915,0.5025741,0.836102
0.1727479,0.5022356,0.8374818
0.1740555,0.5012524,0.8384512
0.1752645,0.4987355,0.84214
0.1765397,0.4971831,0.8490084
0.1786599,0.4956152,0.852979
0.1772085,0.4965035,0.8543414
0.1735404,0.4998981,0.8502551
0.1717155,0.5005045,0.843092
0.1721305,0.4997314,0.84173
0.1760907,0.5000807,0.84081
0.1800261,0.5000031,0.8350651
0.1820786,0.5001341,0.8308124
0.1814816,0.501144,0.8315275
0.1758193,0.5024735,0.8327452
0.1712638,0.5033973,0.8327724
0.1713752,0.5033754,0.8382491
0.1721798,0.5032268,0.8454568
0.171654,0.5017542,0.8457752
0.1732664,0.4997584,0.8427911
0.1776355,0.5003219,0.8360077
0.1790676,0.5018895,0.828923
0.1792062,0.5035203,0.8333517
0.1783377,0.5056655,0.842752
0.1762221,0.5096773,0.8464382
0.1775803,0.5153133,0.8435055
0.1790867,0.515563,0.8378911
0.1802752,0.5101373,0.8403717
0.1810891,0.5043582,0.8448799
0.1794346,0.5014562,0.8430984
0.1770069,0.5046329,0.8414122
0.1730296,0.5073069,0.8342555
0.1727098,0.5067368,0.828814
0.1749984,0.5084082,0.832415
0.1754382,0.5066467,0.8322706
0.1795219,0.5015247,0.8357922
0.1820073,0.5021858,0.8403099
0.1798394,0.5087178,0.8331767
0.1796874,0.5143808,0.82909
0.180677,0.5113703,0.8352713
0.1831547,0.5065293,0.8407288
0.1852029,0.5089736,0.8381185
0.1812227,0.510507,0.8326833
0.1775993,0.5119018,0.8286721
0.1810408,0.5143498,0.8275878
0.186041,0.5122239,0.8316719
0.1877653,0.5149009,0.8298955
0.1844508,0.5175604,0.8269491
0.1769746,0.513559,0.8309396
0.1730931,0.5152413,0.8313427
0.1738924,0.5150996,0.8370007
0.1753565,0.5104715,0.8448738
0.1777904,0.5113192,0.8396645
0.180116,0.5110483,0.8369222
0.182687,0.510836,0.8391224
0.183879,0.5120472,0.8339461
0.1835247,0.5121041,0.8284041
0.1848536,0.5139012,0.8309919
0.1820002,0.5121199,0.8423166
0.1771456,0.5089274,0.8517547
0.1775908,0.5056288,0.8469884
0.1777999,0.5007678,0.8401901
0.1765553,0.5025503,0.8432973
0.1752183,0.5042258,0.8416762
0.1733489,0.5027766,0.834582
0.1728825,0.5063865,0.8344042
0.1727964,0.5098155,0.835068
0.1739313,0.5106295,0.8363654
0.1751508,0.5074534,0.8389168
0.175635,0.5020953,0.8388428
0.177007,0.5047624,0.840834
0.1763932,0.5078257,0.8403703
0.1759788,0.5071503,0.8373502
0.1768424,0.5109906,0.8354139
0.1759592,0.5124032,0.831947
0.1751248,0.5116898,0.8320318
0.1729648,0.5124483,0.8356311
0.1704202,0.5067418,0.8415473
0.1707449,0.5021586,0.8495317
0.1716915,0.5035822,0.8518591
0.1743074,0.501165,0.846325
0.1775438,0.4971711,0.8405634
0.1755209,0.4982996,0.8418737
0.1693336,0.5009301,0.8401892
0.1649843,0.5013389,0.8339871
0.1649855,0.5022855,0.8390726
0.1651532,0.5016478,0.8454133
0.1635013,0.4988921,0.843788
0.1657479,0.4973891,0.8426877
0.1697594,0.4932037,0.8395546
0.1701625,0.4917224,0.8358792
0.1719943,0.4943426,0.8344153
0.174228,0.4936889,0.8342749
0.1719115,0.4959573,0.8378217
0.1700741,0.4994447,0.8406409
0.1717098,0.5001125,0.8414358
0.1729646,0.5006301,0.8387375
0.1719899,0.4994085,0.8341071
0.1719837,0.5000596,0.8366532
0.1722787,0.500449,0.8402163
0.1697659,0.4997236,0.8419989
0.1670092,0.5019013,0.8453086
0.165165,0.501059,0.844424
0.1649384,0.4974856,0.8443252
0.1658126,0.4955538,0.8470459
0.1663136,0.4955833,0.8488806
0.1692916,0.496238,0.8528502
0.1729024,0.4955255,0.854733
0.1742277,0.4957222,0.8524674
0.173818,0.4949424,0.8505538
0.1731131,0.4929575,0.850804
0.1738927,0.4929811,0.8503132
0.1731607,0.4931726,0.8472022
0.1704305,0.4942041,0.8469639
0.1678917,0.4961851,0.8477363
0.1663852,0.4989021,0.8472958
0.1668882,0.5018268,0.8469893
0.1671727,0.5015419,0.8418328
0.1691039,0.499616,0.8370318
0.1720258,0.4971704,0.8370725
0.1703326,0.495127,0.8375794
0.1675849,0.4965412,0.8383587
0.166332,0.4980385,0.8398388
0.1661726,0.4968398,0.8434256
0.1673907,0.4960555,0.8470999
0.1674278,0.495228,0.8508625
0.1680589,0.4919389,0.8540456
0.1685747,0.4895406,0.8515068
0.1682634,0.4913795,0.8487278
0.1717924,0.4946425,0.8459054
0.1748921,0.4941054,0.8432029
0.1733247,0.4915872,0.8444486
0.170942,0.4928647,0.8432929
0.1691466,0.4939357,0.8459518
0.16899,0.4929997,0.8496065
0.170426,0.4961068,0.8418948
0.1697914,0.5005389,0.8365648
0.1689846,0.5024456,0.8398308
0.171816,0.5038179,0.8414603
0.1738758,0.5036995,0.8402267
0.1730137,0.5021527,0.8421559
0.1710951,0.501532,0.8471969
0.1686617,0.4996897,0.8486762
0.1699897,0.494943,0.8491046
0.1722978,0.4917722,0.850546
0.1721364,0.4926122,0.8515227
0.174034,0.4927091,0.851493
0.1742359,0.4899695,0.8479093
0.1727966,0.4888361,0.8456134
0.1740353,0.4891356,0.8461924
0.1726123,0.4894462,0.8484016
0.1678823,0.4940225,0.8510305
0.1640349,0.5012805,0.8481672
0.1658343,0.5076476,0.8428055
0.174398,0.512978,0.8373422
0.1816787,0.5132222,0.8317694
0.1830843,0.5093497,0.827949
0.1790603,0.5071028,0.8257562
0.1743658,0.5070899,0.8301688
0.1732118,0.5071407,0.8364611
0.1735108,0.5037114,0.838818
0.1758221,0.4999301,0.8429688
0.1770654,0.5002405,0.8451846
0.1765556,0.497219,0.842891
0.1792687,0.4923011,0.8390654
0.1812954,0.4924474,0.8339066
0.1809705,0.491138,0.8342273
0.1810753,0.4904452,0.8368916
0.1821927,0.4939055,0.8340411
0.1819164,0.4951322,0.8352502
0.1786011,0.4993948,0.8420982
0.1772697,0.5069804,0.8440269
0.1774661,0.5073844,0.8371975
0.1768159,0.5072537,0.8293944
0.1754543,0.5122081,0.8355404
0.1740091,0.5134915,0.8418011
0.1747108,0.5149893,0.832205
0.175043,0.5166944,0.8287399
0.1782887,0.5121244,0.8353521
0.1824876,0.5119782,0.8380182
0.1806693,0.5133763,0.836439
0.1821786,0.5111756,0.8288305
0.1873252,0.5114107,0.8235699
0.1881291,0.5090314,0.8289162
0.1874193,0.5092558,0.8345206
0.1871044,0.5118022,0.8320989
0.1864084,0.5098946,0.830167
0.18427,0.508876,0.8325893
0.1832107,0.5065454,0.8309071
0.1844765,0.5082428,0.8315464
0.1844388,0.5130239,0.8344787
0.1854947,0.5104326,0.8334697
0.1878358,0.5081583,0.8363222
0.1876001,0.5086937,0.8361047
0.1869281,0.5114212,0.8310351
0.1855721,0.5167711,0.8274261
0.1820744,0.5189898,0.8234812
0.1803096,0.5191587,0.8224854
0.1814641,0.5186959,0.8186621
0.1849936,0.5192862,0.818195
0.1892505,0.5195835,0.8286696
0.1898306,0.5162378,0.8317552
0.1900847,0.514363,0.828637
0.192866,0.5143541,0.8300796
0.1926168,0.5132874,0.8306186
0.1891638,0.5111093,0.8309945
0.1855345,0.5087143,0.8321437
0.1842681,0.5084633,0.8293285
0.1853352,0.5073135,0.8280315
0.1842676,0.5044668,0.8361687
0.1835604,0.5040956,0.8444624
0.1836535,0.5061722,0.8441605
0.1823362,0.5085056,0.8435014
0.1819502,0.5091084,0.8444814
0.180458,0.5097702,0.8398647
0.1816517,0.5115724,0.8355485
0.1848562,0.5103576,0.8376882
0.1831598,0.5079707,0.8381756
0.1835743,0.5088175,0.8373712
0.18481,0.5111669,0.8404804
0.1826399,0.5131398,0.8425163
0.1832073,0.5124348,0.8400144
0.1842904,0.5091241,0.8319458
0.1856775,0.5076211,0.823806
0.1875575,0.5066238,0.8260502
0.1831986,0.5030802,0.8337877
0.1775958,0.4990249,0.837151
0.1787283,0.4974686,0.8413538
0.1803811,0.4975039,0.8464176
0.1797581,0.4972901,0.8437392
0.1826201,0.4999855,0.8415753
0.1840728,0.5027624,0.8439376
0.180491,0.5024194,0.842617
0.177336,0.504568,0.8408711
0.1755962,0.5065228,0.8402182
0.176209,0.5058984,0.839742
0.1770109,0.5080147,0.8407788
0.1759037,0.5100361,0.8401722
0.1770272,0.5064414,0.8400167
0.1794694,0.5021721,0.8401373
0.1819184,0.5032521,0.8374811
0.1828201,0.503101,0.8362652
0.1807825,0.4998458,0.8375726
0.1792961,0.4985227,0.8385477
0.1773624,0.495589,0.8403991
0.1771363,0.4932257,0.8452222
0.1796151,0.4939558,0.8484144
0.1790996,0.4940047,0.8477691
0.1785901,0.495705,0.84821
0.1778175,0.498628,0.8459052
0.1753954,0.5008924,0.8403154
0.1760631,0.5033028,0.839497
0.1750683,0.5048096,0.8404315
0.1725772,0.5057215,0.8392164
0.1736737,0.5042345,0.8376729
0.1739908,0.4999154,0.8370702
0.1736384,0.4974093,0.8377206
0.1760329,0.497593,0.8373362
0.1796884,0.4974591,0.8366344
0.1811173,0.4964888,0.8369143
0.1785496,0.4955404,0.8377039
0.1759471,0.4942696,0.8387701
0.1762186,0.4948349,0.8386927
0.1770113,0.4963469,0.8380849
0.1780173,0.4939612,0.8376345
0.1797262,0.4924109,0.8389784
0.1791109,0.495171,0.8414314
0.1768446,0.49649,0.8413537
0.1766742,0.4959947,0.842318
0.1789086,0.4961356,0.844469
0.1815241,0.495817,0.8457715
0.1809481,0.4941199,0.8496541
0.1795239,0.4937965,0.8508804
0.1798248,0.4951381,0.8474911
0.176987,0.4940788,0.846698
0.1738593,0.4934037,0.8470292
0.1725407,0.4940329,0.8454351
0.1699388,0.4929474,0.8441063
0.1709851,0.4914184,0.84504
0.1745067,0.4895059,0.8457049
0.1765152,0.4903412,0.8412636
0.1793801,0.4932202,0.8369842
0.1821456,0.4949283,0.8384391
0.184276,0.4976313,0.8408766
0.1846193,0.4976046,0.842737
0.1831262,0.4965985,0.844581
0.1797765,0.4975695,0.8465021
0.1730032,0.4960887,0.850152
0.1701606,0.4954808,0.8495652
0.1705914,0.4960318,0.8437205
0.1710352,0.4960288,0.8417183
0.1759146,0.4979745,0.8413654
0.1760504,0.4999123,0.8388477
0.1729047,0.5010463,0.8386251
0.1733446,0.502483,0.8399798
0.1702604,0.5051349,0.8402475
0.1718568,0.5066675,0.8383294
0.1765668,0.5058314,0.8356545
0.1744715,0.5039875,0.8349663
0.1748244,0.5001442,0.8346478
0.1762689,0.5007224,0.8343967
0.1774166,0.5041314,0.8338257
0.1794138,0.5037549,0.8320754
0.1753096,0.5052439,0.8315688
0.1724255,0.5046546,0.8329777
0.1732804,0.5023224,0.8380783
0.174637,0.5025059,0.8481799
0.1803414,0.4989923,0.8540771
0.1829623,0.4993104,0.8493753
0.1810818,0.5025414,0.8450147
0.1811543,0.5013854,0.8436617
0.1784454,0.5025706,0.8368822
0.1730401,0.502813,0.8331499
0.1700758,0.5038407,0.8354769
0.172,0.5071714,0.8346631
0.176175,0.5062327,0.8334752
0.1754897,0.5103797,0.8307248
0.1765003,0.516354,0.8265916
0.182584,0.5140825,0.8300603
0.1860828,0.5137471,0.8338817
0.1884287,0.5163284,0.8315429
0.1876124,0.5152681,0.8317
0.1846956,0.5143822,0.8344635
0.184723,0.5139794,0.8343853
0.1835128,0.5118252,0.8321477
0.1830749,0.5120731,0.8296813
0.1836047,0.5136258,0.8304481
0.1826442,0.5138105,0.8332103
0.1818434,0.5156256,0.8334017
0.1798907,0.514974,0.8332385
0.1805798,0.5129212,0.8320032
0.1832328,0.515184,0.8286652
0.1845911,0.5157952,0.8268515
0.1871405,0.5148708,0.8253552
0.1881049,0.5160523,0.8221919
0.1882639,0.5182109,0.8169501
0.1894138,0.522221,0.8143081
0.1901021,0.5240763,0.8184508
0.1922881,0.5233284,0.8228752
0.1937444,0.5239324,0.8244842
0.1930241,0.5245291,0.8250688
0.1926345,0.5244159,0.8242744
0.1924839,0.5217007,0.8235322
0.1925295,0.518035,0.8254137
0.1944717,0.5191396,0.8282438
0.1978579,0.5203732,0.8270908
0.1984918,0.519187,0.8226219
0.1951043,0.5212443,0.8179509
0.1923038,0.5233407,0.8171757
0.1952954,0.5228758,0.8208923
0.1992511,0.5238971,0.8222266
0.1980063,0.5250254,0.8221808
0.1990307,0.5258074,0.8218386
0.2009347,0.5267433,0.817179
0.1975918,0.5252667,0.8104285
0.1965653,0.5234028,0.8063419
0.1971681,0.5224386,0.8091292
0.1953049,0.5210173,0.8155833
0.1940234,0.5205366,0.8236669
0.1942887,0.5209106,0.8304967
0.1957969,0.520885,0.8254387
0.1959806,0.5207789,0.8207292
0.1956812,0.5210166,0.825528
0.1960536,0.521938,0.8273894
0.1956004,0.5233526,0.8320517
0.1952482,0.5240032,0.8363514
0.1919501,0.5231694,0.8276524
0.1872024,0.5216857,0.8186495
0.1874903,0.5204634,0.8173494
0.1915038,0.5205281,0.8206822
0.1938487,0.5214101,0.8237962
0.1914158,0.5216088,0.8224741
0.1896384,0.5226729,0.8243464
0.1931656,0.5238729,0.8289657
0.1956542,0.5228031,0.8316738
0.1943321,0.5219732,0.8348607
0.1938135,0.5226923,0.8310808
0.1939595,0.5225067,0.8232073
0.1921485,0.5206607,0.8247523
0.1900983,0.5190973,0.8289988
0.1887213,0.516831,0.8318231
0.1895219,0.5141062,0.8363481
0.1929651,0.5152132,0.8341588
0.193073,0.516326,0.8292657
0.1896406,0.5164192,0.8251782
0.1864966,0.5188684,0.8171036
0.1851493,0.5185669,0.818196
0.1863234,0.518196,0.825634
0.1854552,0.51956,0.828006
0.1839298,0.5153052,0.8339418
0.1850579,0.5097128,0.8372572
0.1851209,0.5089021,0.8367074
0.1862841,0.5100118,0.840378
0.1882978,0.50993,0.8377644
0.1875258,0.5093937,0.8318659
0.1868126,0.5098981,0.8307877
0.1859343,0.5097675,0.8341157
0.1845265,0.5095353,0.8399791
0.186183,0.5099225,0.8374007
0.1885583,0.5094293,0.8336407
0.1869681,0.5090019,0.8336448
0.1837062,0.5090528,0.8287382
0.1803801,0.5099338,0.8282979
0.1781912,0.5110369,0.8295516
0.1810936,0.5112087,0.828473
0.1826151,0.5121476,0.8323931
0.1787307,0.5127928,0.8358945
0.1767417,0.5124103,0.8407216
0.1775668,0.5125282,0.8437084
0.1800166,0.5121139,0.8402696
0.1829901,0.5110788,0.8397532
0.1840006,0.5102947,0.8397797
0.1885165,0.509519,0.8415317
0.2000737,0.5082013,0.8452556
0.2071233,0.5082502,0.8386082
0.1994287,0.50924,0.8290093
0.1855376,0.5079472,0.8251389
0.1735351,0.509661,0.8191111
0.1636905,0.5143749,0.81698
0.1567356,0.5155668,0.8306971
0.1468151,0.514662,0.8494348
0.1370664,0.5108765,0.8572609
0.1365142,0.50445,0.8584376
0.1421609,0.4976202,0.8564585
0.157469,0.4938016,0.8442902
0.1793938,0.4943336,0.8294812
0.1841653,0.493569,0.8261317
0.171214,0.4987852,0.834335
0.1635704,0.5061161,0.8436915
0.1557381,0.5033198,0.8537478
0.14041,0.503345,0.8715863
0.1407967,0.5047249,0.8767522
0.1520927,0.4993986,0.8622593
0.1570696,0.495745,0.8522026
0.1713785,0.4935137,0.8412901
0.1946889,0.4908059,0.8296469
0.2129446,0.4885736,0.8238077
0.2251936,0.4915128,0.8138298
0.2337647,0.4993005,0.8141626
0.2415471,0.5032177,0.8177666
0.2427211,0.5057309,0.8170615
0.2445458,0.5073029,0.8268507
0.2489276,0.509158,0.8243203
0.2386102,0.5149354,0.81557
0.2258481,0.5167929,0.8189757
0.2154815,0.5172619,0.8203707
0.200619,0.5176968,0.8281907
0.1934555,0.5132973,0.8326337
0.1922803,0.5120273,0.8273131
0.1959915,0.5107146,0.827662
0.2010181,0.507983,0.8253571
0.2033136,0.5106297,0.8260529
0.2081063,0.5101664,0.8281894
0.203961,0.5094567,0.8276137
0.1977147,0.5106072,0.8360519
0.2014139,0.5043755,0.8388423
0.2055984,0.4999435,0.8332973
0.2112887,0.5005352,0.8281852
0.2141461,0.5001121,0.8249755
0.2096368,0.500993,0.8295659
0.2068439,0.502705,0.8318501
0.2061543,0.5043359,0.8310077
0.2059472,0.506083,0.8350338
0.2073306,0.5101838,0.83845
0.2072532,0.5139614,0.8364625
0.2064542,0.5117207,0.8329135
0.2072182,0.5102347,0.8356004
0.2069968,0.5124417,0.838229
0.2066746,0.5129212,0.8374785
0.2070661,0.5128017,0.834293
0.205872,0.5151817,0.8263565
0.2068872,0.5170772,0.8252375
0.2136383,0.5139879,0.8231793
0.2205071,0.5102399,0.8141016
0.2190951,0.5108418,0.8165174
0.2156994,0.5116625,0.8225147
0.2172822,0.5107793,0.8237733
0.2149324,0.5110987,0.8249845
0.2110574,0.5108154,0.818275
0.2052731,0.5081596,0.8108591
0.1948689,0.5062791,0.812075
0.198697,0.507176,0.8141379
0.2101559,0.5111723,0.8166403
0.2162102,0.5175264,0.8208876
0.2232736,0.522924,0.8216551
0.2218009,0.52282,0.8225919
0.2204812,0.5176743,0.8251647
0.2264316,0.5079544,0.8181436
0.2261395,0.4895556,0.8067446
0.2347368,0.473749,0.8081742
0.2532491,0.4740187,0.8215664
0.263933,0.4877193,0.8345283
0.2662104,0.5107379,0.8342547
0.2624856,0.5301183,0.829113
0.2591837,0.5404404,0.8312223
0.2465638,0.5485972,0.8220374
0.229594,0.5459159,0.8035
0.2373203,0.5373977,0.7915463
0.2557624,0.5317781,0.7723817
0.2725142,0.5176434,0.7523657
0.2908349,0.506728,0.7571791
0.2952081,0.5074733,0.7832771
0.2965921,0.5071933,0.8062812
0.2904096,0.52088,0.814485
0.2546181,0.5558926,0.8237435
0.2228659,0.5813578,0.8384149
0.2119421,0.5769729,0.8330995
0.2054241,0.5576545,0.8053823
0.2126087,0.540921,0.7763572
0.2303363,0.5236143,0.7595404
0.2405808,0.51186,0.7657154
0.2086591,0.5052379,0.8505556
0.2103467,0.5085771,0.8555149
0.2137364,0.4960664,0.8440758
0.2168041,0.4861992,0.8253246
0.224457,0.4844162,0.8126647
0.2326839,0.481445,0.811714
0.2381377,0.4881694,0.8145837
0.2423867,0.4906898,0.8229991
0.2332482,0.4954489,0.8240349
0.2180106,0.5046936,0.8333882
0.2144384,0.5071297,0.8508687
0.2202677,0.5135917,0.8386269
0.2296825,0.5209205,0.8227801
0.2416889,0.5281983,0.8116701
0.25438,0.5334265,0.7844898
0.2588444,0.5359246,0.7769312
0.2556273,0.5430714,0.7940664
0.2504832,0.544786,0.8039938
0.2391875,0.5392203,0.8094508
0.229246,0.5281617,0.8231949
0.2294123,0.5183851,0.8373761
0.2323533,0.5172018,0.8358849
0.2342522,0.5092636,0.8286341
0.2385456,0.4970752,0.8292691
0.2397685,0.4921005,0.8249776
0.2323545,0.4894841,0.8238641
0.2223877,0.4880337,0.8314168
0.2151614,0.4892544,0.828923
0.2159874,0.4921549,0.8322079
0.2191446,0.4966571,0.8384343
0.2180887,0.5029772,0.8266229
0.2257493,0.5042665,0.8211451
0.2335909,0.5027315,0.8267638
0.2308157,0.5058048,0.8297568
0.2277664,0.5053331,0.8314818
0.2215228,0.5005341,0.8324725
0.2170683,0.4945162,0.8340166
0.2194381,0.4895673,0.8325287
0.2221808,0.4924483,0.8322505
0.2264522,0.4967635,0.8280733
0.225761,0.497803,0.8175394
0.2229792,0.4984951,0.8177024
0.2231234,0.5020376,0.823699
0.2190209,0.5075601,0.8315343
0.2181399,0.5063895,0.8384058
0.2190571,0.5050678,0.8378435
0.2136141,0.5091167,0.8405099
0.2126351,0.5090436,0.8415977
0.2211664,0.5093831,0.8374221
0.2322527,0.5122949,0.8326656
0.2359545,0.5112112,0.8256078
0.2318151,0.5118658,0.8268147
0.2301775,0.5150813,0.8327259
0.2287682,0.5152966,0.8317372
0.2254732,0.5131468,0.831232
0.2267553,0.5087658,0.8298837
0.2335683,0.5022204,0.825685
0.2422166,0.4957273,0.8252093
0.2430461,0.4942901,0.8236813
0.2403072,0.4971826,0.8242636
0.2403334,0.4978254,0.8308638
0.2347133,0.499576,0.8324901
0.2357981,0.5026136,0.8292255
0.2431301,0.5038544,0.8267575
0.2402842,0.5096131,0.8266341
0.2380695,0.5195002,0.825407
0.2353394,0.5275056,0.8207986
0.2313443,0.5262022,0.82129
0.2312712,0.5175501,0.8230091
0.2274857,0.5129737,0.8236398
0.2299168,0.5077375,0.8261409
0.2363602,0.5043644,0.8208263
0.242025,0.5055325,0.8138242
0.2493015,0.501677,0.8125534
0.2460732,0.4999465,0.8161718
0.247107,0.4972842,0.8258331
0.2546644,0.4961121,0.8290876
0.2524269,0.5035675,0.8271541
0.2519102,0.5048878,0.8274377
0.2507461,0.5112313,0.823396
0.2467206,0.522946,0.8185424
0.2461827,0.5240683,0.8164506
0.2404499,0.5212186,0.8154866
0.2333857,0.5095628,0.8139255
0.2322984,0.500225,0.8138359
0.2336838,0.5043958,0.8174853
0.2336203,0.5062586,0.8170439
0.2332174,0.5061629,0.8173529
0.2354319,0.5098134,0.8218592
0.2369846,0.5142019,0.8225639
0.238091,0.5122759,0.8224539
0.2401996,0.5073214,0.8227302
0.2407294,0.5061019,0.8263073
0.2401594,0.5043522,0.8322632
0.2407923,0.5046095,0.829483
0.2441026,0.5025162,0.8202949
0.2464759,0.4986532,0.8150597
0.2443574,0.4996712,0.8163386
0.2413809,0.4991353,0.8150755
0.2396356,0.5026528,0.8140689
0.2351793,0.5080547,0.8245727
0.2307692,0.5071921,0.8322681
0.2310103,0.5074588,0.8285304
0.2296998,0.505544,0.8252424
0.2304963,0.5011441,0.8238462
0.235729,0.5022176,0.8200747
0.2351448,0.5027928,0.8200766
0.235818,0.499204,0.8265054
0.2393393,0.4980948,0.8292707
0.2387716,0.4995022,0.8289787
0.2411579,0.5016268,0.8294096
0.2433368,0.5040794,0.829401
0.2423406,0.5022321,0.8307949
0.2405953,0.500114,0.8290292
0.2366119,0.4994691,0.8280447
0.2355854,0.4977369,0.8284261
0.2335602,0.49983,0.8252464
0.2285027,0.5005224,0.8248492
0.2280001,0.4984405,0.8238767
0.2287905,0.4993245,0.8210932
0.2296894,0.5010226,0.8193195
0.2322251,0.5036779,0.8195619
0.2343307,0.5026118,0.8223175
0.2366292,0.4981502,0.823336
0.2392368,0.4966764,0.8273214
0.2422515,0.4958089,0.8282494
0.2438488,0.4959916,0.8268606
0.2441118,0.4957083,0.832157
0.2454965,0.4948971,0.8331994
0.2451307,0.4968389,0.8343014
0.2404714,0.4992922,0.8353948
0.2357078,0.501834,0.831811
0.2369274,0.5015207,0.8313149
0.2386663,0.4998867,0.8270642
0.235804,0.5002862,0.8236097
0.2366354,0.499979,0.8238614
0.2411394,0.5019057,0.8188285
0.2439102,0.5035778,0.813644
0.2431603,0.5025137,0.815306
0.2379158,0.502626,0.823606
0.2336387,0.5011719,0.82817
0.230848,0.4975298,0.8282053
0.2296599,0.4948953,0.8292732
0.2311836,0.4963383,0.8331629
0.2303937,0.4977179,0.8391215
0.2306711,0.4931456,0.8327587
0.2331585,0.4901832,0.8256502
0.2353879,0.4912553,0.8311199
0.2385721,0.4921171,0.8315042
0.2404189,0.4935055,0.8295933
0.2430535,0.4942565,0.8312365
0.2435285,0.4942415,0.8316922
0.2395031,0.4937015,0.8335949
0.2383523,0.4927028,0.8327526
0.238647,0.4929298,0.826922
0.2382889,0.4933114,0.8234736
0.2382767,0.492761,0.826868
0.2386954,0.4920903,0.8292257
0.2391677,0.4917321,0.8271384
0.2366995,0.4926899,0.8278406
0.2351011,0.496045,0.8291107
0.2345904,0.5000535,0.8293929
0.2326753,0.5021253,0.8312618
0.2335721,0.5008369,0.8319275
0.2358441,0.4990053,0.8303505
0.2381726,0.5002536,0.8287517
0.23993,0.4998482,0.8310783
0.2395778,0.4963809,0.8345609
0.2406716,0.4930973,0.8328836
0.2424793,0.4894432,0.8289118
0.2428637,0.4887931,0.826161
0.2410618,0.4917039,0.8260799
0.2365748,0.4936971,0.8292135
0.2341954,0.49257,0.8327274
0.2360124,0.4908071,0.8363859
0.2412143,0.4928245,0.8390435
0.2471937,0.4939265,0.8374997
0.2460089,0.4942888,0.8330558
0.2396085,0.4994651,0.8311561
0.2355844,0.503019,0.8334343
0.2318185,0.5022513,0.8337707
0.2298735,0.5016747,0.8320424
0.2331629,0.5022291,0.8300357
0.2376882,0.5019112,0.8254811
0.2402088,0.5001509,0.8245775
0.2401811,0.4998857,0.8255234
0.2418888,0.5009193,0.822491
0.2449657,0.5024528,0.8212957
0.2440199,0.5050857,0.8204176
0.2443688,0.5071394,0.8206304
0.2475247,0.5049931,0.8246601
0.2478835,0.5005131,0.8238705
0.2475676,0.5005758,0.8193422
0.2474958,0.5011748,0.8163691
0.2445353,0.5004572,0.8159684
0.2421193,0.5008303,0.8235112
0.2448731,0.4990707,0.8326584
0.2472054,0.5000169,0.8316158
0.2463329,0.5008574,0.8285397
0.2474663,0.4989251,0.8297819
0.2487867,0.5006424,0.8277859
0.2496425,0.5002436,0.825787
0.2523615,0.5000837,0.8250853
0.2536785,0.5017593,0.8217769
0.2544335,0.5003051,0.8204227
0.2565772,0.5032938,0.8190582
0.2584867,0.5082117,0.8185705
0.2599783,0.5103887,0.8181506
0.2593032,0.5108904,0.8100329
0.2575314,0.5101405,0.8036627
0.2588799,0.51159,0.8033471
0.2616538,0.5098189,0.8028522
0.263755,0.5086701,0.8020404
0.2639398,0.5127795,0.7982818
0.2595755,0.5126879,0.7988716
0.2549071,0.5125584,0.8097343
0.2532853,0.5147593,0.8165446
0.2529664,0.5152921,0.8113307
0.2555565,0.5158517,0.8038054
0.2590558,0.5148288,0.8020806
0.2596604,0.5146673,0.8044985
0.259532,0.5131158,0.8072013
0.2588725,0.5098539,0.8092181
0.2543412,0.5120686,0.8115994
0.2497678,0.5126837,0.8125544
0.2523658,0.5080409,0.8132473
0.2572605,0.503842,0.818013
0.2589621,0.5007607,0.8192974
0.2603085,0.4977831,0.8151247
0.2601195,0.4947935,0.8122684
0.2596602,0.4964644,0.8089625
0.2598742,0.4994562,0.8106926
0.2563972,0.4984388,0.8163623
0.2533075,0.4994551,0.8180125
0.252752,0.5015155,0.821708
0.2522161,0.5041286,0.8216536
0.2531761,0.5084248,0.8164086
0.2532473,0.507497,0.8173981
0.2540839,0.5052641,0.8202225
0.2566011,0.5049312,0.8229746
0.2555284,0.5020096,0.8238418
0.2550411,0.5023401,0.8234402
0.2560943,0.5056743,0.8278921
0.2549046,0.5053848,0.827058
0.253426,0.5046805,0.8255092
0.2506175,0.5040846,0.8312372
0.2502595,0.5035063,0.8321203
0.2568203,0.5032891,0.8279979
0.2626456,0.4992497,0.8207181
0.2604103,0.4955236,0.8154651
0.2519464,0.494722,0.8186611
0.2437921,0.4940578,0.8204177
0.241887,0.4949674,0.8224571
0.247444,0.4966532,0.8266231
0.2522288,0.4993442,0.8264401
0.2512288,0.5011849,0.8305394
0.249618,0.5003236,0.8379668
0.2463554,0.5006288,0.8351248
0.2437171,0.4996424,0.8273979
0.2480349,0.4965293,0.8253583
0.2523901,0.4944004,0.8256356
0.2533645,0.4927168,0.8268003
0.2551997,0.4914495,0.8284077
0.2557673,0.4879424,0.8282135
0.2548757,0.4852058,0.8294797
0.2550031,0.488998,0.8284076
0.2513902,0.4931319,0.823819
0.2458975,0.4944349,0.8240197
0.2449948,0.496269,0.8259915
0.2429483,0.4964061,0.824891
0.2419325,0.4950212,0.8283492
0.2451169,0.4950973,0.835101
0.2446316,0.4944641,0.8344181
0.2450871,0.4939054,0.8332071
0.2479647,0.4949284,0.8348469
0.2487081,0.4945256,0.8312536
0.2499267,0.4954221,0.8298732
0.2498334,0.4983107,0.8288785
0.2516863,0.4991232,0.8231901
0.2562901,0.4994129,0.8258261
0.2576139,0.4992187,0.8321451
0.2586109,0.4978776,0.8327102
0.2584172,0.4958451,0.8326449
0.2552139,0.4934896,0.8290699
0.2505373,0.4933153,0.8234241
0.2424844,0.4932961,0.8224415
0.2382297,0.4926599,0.8261097
0.2415789,0.4928924,0.8317448
0.2437552,0.4913325,0.8323576
0.2442358,0.489545,0.8321517
0.2474082,0.4902222,0.8326064
0.249875,0.4911771,0.8261002
0.2497901,0.4927079,0.8232421
0.2519757,0.4952642,0.8242635
0.2556218,0.4951123,0.8226903
0.2563294,0.4947001,0.824036
0.2571345,0.4979452,0.8227637
0.2582031,0.5002476,0.8208136
0.2546151,0.500932,0.8202284
0.2495057,0.5012763,0.8172029
0.2492023,0.5008747,0.8197749
0.2505301,0.5018522,0.8236401
0.2487305,0.501456,0.8246929
0.2466903,0.5010533,0.8268315
0.2445295,0.5028631,0.824979
0.2425954,0.5022096,0.8223955
0.2459548,0.4997571,0.8237553
0.2507736,0.4961816,0.8228277
0.2522169,0.4944384,0.8168998
0.2531705,0.4957007,0.812291
0.2539598,0.4948238,0.8142159
0.2549919,0.4974999,0.8166995
0.2588479,0.5014845,0.8154336
0.2623925,0.4981356,0.8174165
0.2604692,0.4962956,0.8210429
0.2548916,0.4997974,0.8187839
0.2515351,0.5025418,0.8160582
0.2523329,0.5031869,0.8152278
0.2533825,0.5031024,0.8150837
0.2516337,0.5044211,0.8185644
0.2507961,0.5061937,0.8202535
0.2517846,0.5059702,0.8192707
0.2516465,0.506308,0.819979
0.2530369,0.5092668,0.8220281
0.2558572,0.5099332,0.8233345
0.2586139,0.5067438,0.8176166
0.2623531,0.5052512,0.8108872
0.2627774,0.5080352,0.8117252
0.2616663,0.5110578,0.8110015
0.2630745,0.509274,0.8081318
0.2621997,0.5062414,0.8088245
0.2596828,0.5059665,0.8068212
0.2570242,0.5077164,0.8041177
0.2546251,0.5107257,0.8070905
0.2573467,0.5093044,0.8118043
0.2596145,0.5065647,0.8175423
0.2576373,0.507254,0.8200542
0.2573334,0.505128,0.8165713
0.2570265,0.5043863,0.8161192
0.2565096,0.5048333,0.8156297
0.2571562,0.5012775,0.8137721
0.2560977,0.5007279,0.8144043
0.2562376,0.5003591,0.8118116
0.2584178,0.4989992,0.8133485
0.259957,0.5010837,0.8217624
0.2616853,0.5017319,0.8257277
0.2633762,0.503559,0.8209068
0.2644561,0.5068373,0.8124087
0.2650945,0.5067833,0.8145234
0.2629907,0.5057349,0.8197787
0.2561038,0.5048044,0.8158805
0.2485695,0.5057935,0.8167939
0.2457727,0.5051465,0.8225624
0.2472861,0.5003131,0.8262412
0.2496035,0.4979634,0.8283856
0.2519757,0.4991253,0.8261115
0.255425,0.501774,0.8237289
0.2557834,0.5015102,0.8207339
0.2545954,0.498815,0.8180557
0.2561552,0.498696,0.8201886
0.254632,0.4976833,0.8215271
0.2532765,0.4960429,0.8222898
0.2546792,0.4943675,0.8227922
0.2522438,0.4954279,0.8216595
0.248867,0.4998385,0.8224039
0.2463661,0.4986231,0.8224168
0.2465571,0.4977359,0.8225745
0.2486756,0.4985922,0.8264577
0.2487534,0.4962944,0.8307096
0.2522072,0.4978778,0.8327164
0.2541512,0.5003106,0.8335585
0.2522508,0.5014586,0.8344722
0.2547686,0.5007486,0.8314607
0.2563644,0.4956516,0.825223
0.255327,0.4925267,0.8211749
0.2555325,0.4915843,0.8171968
0.2555421,0.4939319,0.817547
0.2556563,0.4974751,0.8213637
0.2554577,0.495594,0.8208023
0.2552,0.4955922,0.8275424
0.2537073,0.4985044,0.8358414
0.2511574,0.4996408,0.8264477
0.2510622,0.499996,0.8180516
0.251986,0.4966701,0.8227103
0.2538489,0.4918931,0.8225092
0.2582273,0.4901936,0.8184309
0.2603542,0.4911134,0.8209848
0.256007,0.4938103,0.8246494
0.2511274,0.496915,0.8272265
0.2503132,0.499333,0.8301313
0.2479501,0.4982268,0.8310416
0.2469786,0.4959061,0.8331386
0.2512399,0.496646,0.8337184
0.2521293,0.4955841,0.8293921
0.2521845,0.4928011,0.8258833
0.2554382,0.4904648,0.8242781
0.254184,0.4876704,0.826093
0.2523299,0.4887356,0.8295551
0.2533456,0.4899334,0.8309381
0.2523804,0.4891905,0.8330657
0.2527286,0.4917043,0.8335229
0.2532082,0.4929994,0.8321087
0.2522494,0.4946524,0.8286685
0.2524089,0.4986501,0.8243838
0.2491782,0.4974063,0.8263024
0.2462367,0.4953574,0.8265497
0.2489527,0.4967439,0.8230841
0.2510652,0.4983412,0.8223847
0.2502943,0.5007045,0.8185718
0.251454,0.5006044,0.8163727
0.2548516,0.4991128,0.8181103
0.2552934,0.5005968,0.816263
0.2545214,0.5010779,0.8165221
0.2553064,0.5011498,0.8195413
0.25557,0.5017892,0.8209479
0.256739,0.4999153,0.8216193
0.2575648,0.498816,0.8208925
0.2586983,0.4985859,0.8229083
0.2613808,0.4984489,0.8250524
0.260525,0.4999041,0.8230364
0.2563831,0.5004512,0.8246808
0.2531013,0.5017739,0.8274108
0.2548247,0.503429,0.8255892
0.2587169,0.5024093,0.8230077
0.2580492,0.5008073,0.8212498
0.2563817,0.4995508,0.8224617
0.2551273,0.5001553,0.8237319
0.2537361,0.5025346,0.8233542
0.2527818,0.5048677,0.8249809
0.2508409,0.5063332,0.8247955
0.2529232,0.5051198,0.8226592
0.2555353,0.502694,0.8201989
0.2534969,0.499047,0.818705
0.2530878,0.4960946,0.8216397
0.2538375,0.4989453,0.8221126
0.2574596,0.5013544,0.8174443
0.2650773,0.499538,0.8139782
0.2664231,0.5001069,0.8154139
0.2627275,0.5035076,0.8192422
0.2611999,0.5092397,0.8171017
0.2590783,0.5145217,0.8107626
0.2559809,0.5120709,0.8081105
0.2560142,0.5091951,0.8102038
0.2560318,0.5110846,0.8129266
0.2532666,0.5096468,0.8148514
0.2538762,0.5090389,0.8181211
0.2561866,0.5124301,0.8171753
0.2564465,0.5154341,0.8139481
0.2591418,0.5193498,0.8139684
0.260589,0.5185523,0.8134116
0.2592877,0.5147912,0.814188
0.259997,0.5155877,0.8137555
0.26122,0.5149943,0.8116415
0.2642792,0.5138786,0.8116112
0.26816,0.513167,0.8091379
0.268374,0.5108358,0.8054672
0.2667855,0.5122435,0.8015018
0.2654074,0.5138397,0.8007272
0.2655835,0.5142446,0.8049825
0.2680178,0.5163826,0.8057469
0.2704515,0.5185629,0.8033015
0.2706767,0.5195334,0.7994271
0.270423,0.5148823,0.7963325
0.2711252,0.5112884,0.7939469
0.269491,0.5167634,0.7895523
0.266908,0.522447,0.7915918
0.2657362,0.5229708,0.796159
0.2661237,0.5218071,0.7964816
0.2703972,0.5223451,0.7980208
0.2746041,0.5234221,0.7975409
0.2759111,0.5235683,0.7946626
0.2769327,0.5246052,0.792715
0.2780654,0.5269877,0.7919579
0.2791418,0.5302053,0.7929594
0.2791093,0.5296705,0.7910618
0.2791575,0.5271419,0.7887295
0.2790261,0.5275736,0.7873824
0.2768835,0.5251386,0.7839268
0.2751683,0.522398,0.7845084
0.2750567,0.5238066,0.7859704
0.2779489,0.5236928,0.7866367
0.281187,0.5224715,0.7901838
0.2801865,0.5220459,0.7891714
0.2776277,0.5221079,0.7882812
0.2756822,0.5226178,0.7927467
0.2762239,0.5231453,0.798138
0.2781153,0.5246178,0.8026669
0.2785603,0.5247506,0.7985201
0.2795148,0.5236452,0.7929291
0.2781137,0.5237406,0.7955555
0.2724747,0.5235114,0.7950056
0.2675265,0.5229702,0.7941108
0.2671659,0.5215201,0.7997761
0.2695966,0.5193373,0.8015601
0.271074,0.5181834,0.7961148
0.2721928,0.5154157,0.7909943
0.2687939,0.5140621,0.7935652
0.2622708,0.5152581,0.8001404
0.260888,0.5107675,0.8034638
0.2595551,0.506393,0.8077203
0.2588257,0.5085144,0.8151274
0.2614258,0.5087491,0.8227112
0.2630445,0.5065827,0.8241561
0.267038,0.5050214,0.819326
0.2679685,0.5036192,0.8157577
0.2651559,0.5045635,0.8078413
0.2663185,0.5073744,0.8010606
0.2640307,0.5096824,0.8035256
0.2582144,0.5093684,0.8076579
0.2545318,0.507534,0.8150624
0.2548826,0.5073031,0.816643
0.2596204,0.5069351,0.8155031
0.2600676,0.5056364,0.8222439
0.257655,0.505144,0.8195448
0.255008,0.5037707,0.8172879
0.2516377,0.5025014,0.8203999
0.2557994,0.5050462,0.8147305
0.2606413,0.5094296,0.8142462
0.2605533,0.5123389,0.8144701
0.2614584,0.5129888,0.8109668
0.260945,0.5123508,0.8130473
0.2599973,0.5124098,0.8134737
0.2597205,0.5126242,0.8166067
0.2592116,0.5108392,0.821253
0.2591717,0.5044476,0.8183083
0.2572127,0.4974019,0.8124646
0.2541946,0.4977671,0.8097924
0.2501686,0.4984202,0.8175152
0.2476085,0.4942766,0.8272083
0.2481733,0.4957979,0.824036
0.2476571,0.4989806,0.8189269
0.250338,0.4972927,0.8218777
0.2543513,0.4955713,0.8240458
0.251901,0.4922085,0.8248881
0.2501117,0.4928697,0.8260495
0.2503819,0.4967264,0.824527
0.246144,0.4957527,0.8273186
0.2433088,0.4991948,0.8311805
0.2466687,0.5017697,0.8286773
0.2501397,0.4984378,0.8238888
0.2497467,0.4989046,0.8199837
0.2471922,0.4987925,0.8204119
0.2455741,0.4996974,0.8190706
0.2481749,0.5012424,0.8163326
0.2514739,0.4984657,0.8204661
0.2499962,0.4975117,0.8256508
0.2488741,0.4955228,0.8326726
0.248746,0.4947441,0.8357498
0.2451829,0.4968803,0.8306557
0.2424595,0.4946037,0.8284041
0.2387721,0.4945834,0.8248133
0.2347048,0.4960316,0.824404
0.239178,0.495205,0.8294518
0.2448805,0.4990739,0.8309658
0.2444968,0.5030677,0.8356008
0.2434865,0.5022129,0.834606
0.243681,0.4981999,0.8291202
0.2476774,0.4939764,0.8320532
0.2535336,0.4937061,0.8279354
0.253598,0.4929214,0.8215919
0.2516079,0.4895937,0.8248457
0.2509122,0.4884419,0.8256994
0.2476596,0.489477,0.8239276
0.2452441,0.4927935,0.8214823
0.2458217,0.4965032,0.8187127
0.2446378,0.4963194,0.8215979
0.2421992,0.495805,0.8270209
0.2421188,0.4987187,0.8288048
0.2459871,0.5009348,0.8275964
0.2503064,0.4995589,0.8271603
0.2484575,0.4966752,0.8262547
0.2445988,0.4944071,0.8247013
0.2435064,0.4938918,0.8269223
0.2422576,0.4947266,0.8303894
0.2421832,0.4947524,0.830546
0.2422432,0.4951981,0.8300503
0.2432999,0.4972423,0.8304234
0.2481903,0.4975682,0.8282684
0.2496147,0.4967883,0.8268193
0.2477665,0.4960941,0.8292351
0.2469315,0.4937419,0.8296072
0.2453046,0.4923782,0.8282006
0.2457603,0.4931136,0.8278326
0.2472091,0.4932856,0.8292802
0.2473528,0.492888,0.8336683
0.2481086,0.4930406,0.8331275
0.247353,0.4931901,0.8300801
0.2437934,0.4932807,0.8322418
0.2393928,0.4947067,0.8297336
0.2380805,0.495545,0.8263744
0.2402956,0.4940903,0.8310984
0.2416003,0.4931361,0.8316381
0.2419455,0.493147,0.82447
0.2428179,0.4930819,0.8186054
0.2442583,0.4943192,0.8203224
0.2458053,0.4966286,0.824448
0.2463626,0.4977302,0.823335
0.2475589,0.4971081,0.8251422
0.2489899,0.4960689,0.8295104
0.2479073,0.4956874,0.8301567
0.2465731,0.4958033,0.8274622
0.2471136,0.4964011,0.8213222
0.2466151,0.4985459,0.8214375
0.2452622,0.5004035,0.8244655
0.2460175,0.4983776,0.8234717
0.2472011,0.4951973,0.8266647
0.2480962,0.4955777,0.8287199
0.2485843,0.4963366,0.8271966
0.2456966,0.4956396,0.8260463
0.2424838,0.4968195,0.8242605
0.2431107,0.4978282,0.8252271
0.2451984,0.4981306,0.8263646
0.2462683,0.4999859,0.8270358
0.245951,0.5010895,0.8269947
0.2461,0.5006627,0.8228149
0.2488206,0.4994099,0.8189297
0.2519413,0.4979606,0.8155752
0.2531011,0.4977278,0.8109979
0.2545984,0.5006042,0.8085311
0.2573628,0.5051127,0.8108609
0.2582876,0.5046731,0.8167008
0.2578134,0.5022779,0.8207957
0.2564709,0.5030404,0.8197222
0.2518413,0.5032757,0.8147542
0.2456683,0.505228,0.8102479
0.2421165,0.5075972,0.8079801
0.2449822,0.5042764,0.8111116
0.249301,0.5014426,0.8155509
0.2475664,0.5028762,0.810146
0.2494006,0.5031043,0.8065731
0.256037,0.5012955,0.8119326
0.2556076,0.5002624,0.8139655
0.2523948,0.4998639,0.8150181
0.25124,0.5003416,0.8173083
0.252792,0.5031202,0.8168368
0.2564031,0.5057793,0.8153952
0.254973,0.5060355,0.8151305
0.251084,0.5054476,0.8164327
0.2480507,0.506341,0.8166269
0.248021,0.5073478,0.8158419
0.2530367,0.5057366,0.8151793
0.2531704,0.5042089,0.816593
0.2490522,0.5035311,0.8210094
0.2471828,0.501367,0.8236324
0.2456664,0.4993795,0.8252878
0.2458877,0.4995715,0.8276594
0.2462791,0.500401,0.8284378
0.2475101,0.4989563,0.8276044
0.2505948,0.4980351,0.8272407
0.2509456,0.4986149,0.8273737
0.250842,0.4967091,0.8260537
0.2516343,0.4950347,0.8273936
0.2519949,0.495096,0.8304482
0.2517211,0.4954363,0.8306736
0.2507612,0.4968604,0.8307709
0.2516363,0.4976608,0.82931
0.2514738,0.4970217,0.8250875
0.2498033,0.4961127,0.8212915
0.2485447,0.495553,0.8229816
0.2445279,0.4948488,0.8270185
0.2418942,0.4949211,0.8242675
0.2437826,0.4983714,0.8221369
0.2469997,0.5029236,0.8220028
0.2491752,0.5037464,0.8195576
0.2471319,0.5017937,0.8222928
0.2446729,0.5009571,0.8266875
0.2459228,0.4988308,0.8297308
0.2463324,0.4932363,0.8296802
0.2453751,0.487112,0.8264741
0.2457665,0.4844193,0.8307954
0.2451414,0.4874632,0.8331677
0.2443991,0.4885486,0.827357
0.2474064,0.4867003,0.8236937
0.2505153,0.4893666,0.8237568
0.2501582,0.4923481,0.8288446
0.2487699,0.4954224,0.8298744
0.2480216,0.4981516,0.8274747
0.2468988,0.4976869,0.8318135
0.2452928,0.4986411,0.8303549
0.2459494,0.4969741,0.8272842
0.2482582,0.4935747,0.8303726
0.2501374,0.493604,0.828944
0.2522623,0.4928746,0.8284843
0.2521259,0.4928381,0.828873
0.2472499,0.4933949,0.8259628
0.2417996,0.4927978,0.8270165
0.2421474,0.4935203,0.830329
0.2443003,0.494506,0.8338698
0.2425384,0.49432,0.8351933
0.2425579,0.491944,0.8340367
0.2430635,0.4906682,0.8348003
0.2420267,0.4924174,0.8324785
0.2457559,0.4926309,0.8282544
0.2495831,0.4928881,0.8276372
0.2502756,0.4934262,0.8295094
0.2502221,0.4915659,0.832426
0.2482519,0.4905394,0.8324651
0.2463407,0.4905323,0.8322909
0.2434744,0.4919708,0.8329597
0.2411617,0.4948593,0.8279116
0.2415121,0.4947436,0.8236113
0.2398076,0.4940605,0.8275522
0.2382594,0.494695,0.8317285
0.2388972,0.4943522,0.8289963
0.2662696,0.4899045,0.8597993
0.2693495,0.4794128,0.8559044
0.2651602,0.4711935,0.8434558
0.2767211,0.4583398,0.8334434
0.2895543,0.4504753,0.8137088
0.2932048,0.4637399,0.7980178
0.3078492,0.4682802,0.7923217
0.3116232,0.474313,0.7874
0.2976585,0.4898957,0.8036273
0.293389,0.4962828,0.815393
0.2887271,0.5013461,0.8205962
0.2833336,0.5006443,0.8367965
0.2888943,0.4905317,0.8367621
0.2933843,0.4795892,0.8409605
0.2862233,0.474209,0.8401779
0.2675569,0.4761084,0.8258859
0.2460502,0.4730795,0.8327373
0.2319293,0.4711983,0.8322923
0.2302536,0.4772204,0.8302795
0.23376,0.4843064,0.8378937
0.2427469,0.4946432,0.8306753
0.2581309,0.4992055,0.8294749
0.2570436,0.496382,0.8331425
0.2470599,0.4953565,0.8355479
0.2482076,0.4908073,0.842122
0.2526864,0.4842139,0.8418915
0.2615475,0.4799094,0.8399734
0.2707319,0.4699814,0.8356657
0.2772582,0.4528993,0.8299697
0.2820522,0.4454604,0.8292116
0.2767672,0.4524763,0.8312535
0.2726866,0.4592064,0.8357805
0.2680835,0.4694563,0.8399917
0.2566117,0.4830185,0.8435994
0.2542897,0.490374,0.8436553
0.2530978,0.5003982,0.8419359
0.244556,0.5018334,0.8367612
0.237007,0.4870621,0.8260436
0.2349142,0.4784745,0.82911
0.242262,0.4774817,0.8392026
0.2501137,0.4821733,0.8387784
0.2544115,0.4903277,0.830248
0.2570352,0.486592,0.8123138
0.2565212,0.474097,0.8082269
0.2627584,0.4562679,0.8293123
0.2722616,0.4415108,0.8458879
0.2768036,0.4399801,0.850666
0.2835777,0.4420396,0.8562454
0.2887569,0.446284,0.8593942
0.2859194,0.4475079,0.8481811
0.2842903,0.4492633,0.8348097
0.2846807,0.4629187,0.8335178
0.2809288,0.4755696,0.8312808
0.282007,0.4866447,0.8301313
0.2858563,0.4938991,0.8312819
0.2859517,0.4922148,0.8275118
0.2898995,0.4906097,0.8268028
0.2871989,0.4852078,0.8260029
0.272353,0.4804881,0.8250457
0.2585042,0.4753857,0.8255588
0.2492426,0.466452,0.8241556
0.2439879,0.4659419,0.8267629
0.2388492,0.4680346,0.8313483
0.2331103,0.4718148,0.8360492
0.2290277,0.478142,0.8353097
0.2310285,0.4823852,0.8275436
0.2412508,0.4943436,0.8237202
0.2481238,0.5045813,0.8211018
0.2531386,0.5033959,0.8244298
0.2640525,0.5078199,0.8385542
0.2763303,0.5173839,0.8503162
0.2781152,0.5143783,0.8492362
0.2740349,0.5040803,0.8340781
0.282899,0.4883482,0.8215388
0.2814146,0.4667594,0.8204274
0.2660593,0.4663457,0.8275416
0.260403,0.4718194,0.8384447
0.2528619,0.4646603,0.8379083
0.2546234,0.4733511,0.8322086
0.2584924,0.4767261,0.8290864
0.2515687,0.4661112,0.826631
0.2555746,0.4651511,0.8328206
0.2561651,0.4585398,0.8387501
0.2584152,0.4587908,0.842433
0.2680266,0.465713,0.8490892
0.266341,0.4638378,0.8519204
0.2674299,0.4738152,0.8472082
0.2697689,0.4819273,0.8323595
0.2716452,0.481631,0.8216364
0.2735363,0.4862303,0.8221589
0.2679534,0.4867242,0.8197972
0.2667152,0.4871292,0.8149247
0.2623647,0.4885909,0.8159377
0.2548797,0.4892674,0.8250353
0.2551464,0.4902004,0.8345446
0.2575838,0.4890851,0.8356814
0.2632157,0.4874149,0.8293006
0.2678615,0.4831097,0.8237417
0.269103,0.4826035,0.8240837
0.2698469,0.4819114,0.8241333
0.2715166,0.4770729,0.8258779
0.2756466,0.4793618,0.828798
0.2788368,0.4801298,0.8258605
0.2804493,0.4783935,0.824026
0.274705,0.4818256,0.8248265
0.2678328,0.4832683,0.8234509
0.2709764,0.4842293,0.8207905
0.2721855,0.4870549,0.8181632
0.2710756,0.4892372,0.8148453
0.2749387,0.487724,0.81142
0.2782122,0.4836661,0.8113923
0.2806382,0.484578,0.8141536
0.2825094,0.4854286,0.8214674
0.279459,0.4838159,0.8278629
0.2733315,0.4837023,0.8249211
0.2701951,0.4803873,0.8237812
0.2711542,0.4775685,0.8249937
0.2748029,0.4775085,0.8192835
0.2773253,0.4749684,0.8153448
0.2743334,0.473031,0.8201975
0.2679964,0.4719512,0.8279437
0.2638953,0.4701983,0.8313145
0.2667244,0.4707998,0.8326008
0.2705204,0.4723809,0.8352316
0.2681942,0.4733042,0.8343271
0.2664408,0.4755291,0.8306923
0.2670561,0.479362,0.8281827
0.267812,0.4831912,0.8253526
0.2715252,0.4834383,0.8236688
0.2749949,0.4783626,0.8230971
0.2749016,0.4752143,0.8218181
0.2722538,0.4781452,0.8251538
0.2699863,0.4808437,0.832841
0.271608,0.48206,0.8379518
0.2727284,0.4854645,0.8373942
0.269746,0.4870881,0.8300732
0.266442,0.4829048,0.8239558
0.2628172,0.4779824,0.8262534
0.2579007,0.4755107,0.8343892
0.2549168,0.4757227,0.8416663
0.2552635,0.4771821,0.8398451
0.2565318,0.4746202,0.8380381
0.2583988,0.4714484,0.8427867
0.2622334,0.469792,0.8428231
0.2639577,0.4684287,0.840628
0.26385,0.4700394,0.836901
0.2666818,0.4695863,0.8282736
0.26826,0.4682614,0.8260452
0.2698786,0.467483,0.8286155
0.2756671,0.464744,0.8265049
0.2779716,0.468527,0.821243
0.2766097,0.4730848,0.8185359
0.2747291,0.4715256,0.8284474
0.2713145,0.473201,0.8421458
0.273336,0.4763619,0.8385161
0.2764658,0.4767782,0.8271015
0.2724732,0.4776644,0.8219329
0.2703201,0.4797539,0.8206671
0.2707965,0.480332,0.8241611
0.2687521,0.4756031,0.828078
0.2676869,0.4692094,0.8302437
0.2678619,0.4683445,0.8286615
0.2681001,0.4705143,0.8227489
0.2668626,0.4713605,0.8268157
0.2637793,0.4735007,0.8326348
0.2608678,0.4762631,0.8320818
0.2589367,0.4792228,0.8359578
0.2615874,0.4833983,0.8342065
0.2673751,0.4815532,0.830461
0.2718832,0.4743537,0.8311728
0.2770332,0.4668775,0.8252774
0.2836591,0.4575859,0.8222376
0.2856481,0.4538111,0.8263602
0.2775083,0.4576066,0.8334932
0.2704461,0.4602908,0.8399363
0.2732528,0.4637195,0.8361335
0.2782565,0.4721007,0.8293981
0.2827062,0.4799369,0.8255621
0.2828782,0.4837011,0.8220507
0.279797,0.4879164,0.8219954
0.2809563,0.4890281,0.8237823
0.2816394,0.4849859,0.8255503
0.2808552,0.4815998,0.8270196
0.2773763,0.4733818,0.8266619
0.2695401,0.4673517,0.8268836
0.2684812,0.4704463,0.8279729
0.2731767,0.4701357,0.8260969
0.2753794,0.4723205,0.8240389
0.2764295,0.4768696,0.8258529
0.2771107,0.4737786,0.8290587
0.2770625,0.472785,0.8325667
0.2751713,0.4741325,0.8349477
0.2733629,0.4738093,0.8363378
0.273736,0.475406,0.8381933
0.2747829,0.4769144,0.8344411
0.2805121,0.4766661,0.8235421
0.2890127,0.4759196,0.8149919
0.2908648,0.4765757,0.8166957
0.2897785,0.4769343,0.8199112
0.291391,0.4783211,0.8142133
0.2879917,0.4827392,0.8114229
0.2796543,0.4840485,0.8134511
0.2791246,0.4818873,0.812162
0.2869132,0.4797218,0.8146321
0.291786,0.4786264,0.8173043
0.2857669,0.4794132,0.8180113
0.2740243,0.4805557,0.8223067
0.2703306,0.4828545,0.8239024
0.2740281,0.4861695,0.8212426
0.2793746,0.4884437,0.8176263
0.2873202,0.4886397,0.8167533
0.292426,0.4853158,0.8174193
0.2909476,0.4824003,0.818211
0.290711,0.4848316,0.8235961
0.297972,0.4871266,0.8246663
0.3052724,0.4840556,0.8173324
0.3081038,0.4819165,0.8096433
0.3083851,0.4823469,0.8075755
0.3024668,0.4814922,0.8107162
0.2953758,0.4819884,0.8131264
0.293179,0.4824863,0.8193225
0.2937366,0.4821805,0.8230467
0.2925091,0.4831919,0.8215492
0.287333,0.4821406,0.8245133
0.2854464,0.480717,0.8200953
0.2841077,0.4801747,0.8155684
0.2818733,0.4780708,0.8193424
0.2852424,0.4758058,0.8177782
0.2887926,0.4743386,0.8177418
0.2925762,0.4758543,0.8186628
0.293687,0.4781635,0.8173705
0.2925448,0.4803434,0.8191631
0.2973616,0.4847498,0.8204298
0.2975921,0.4843108,0.8230103
0.2986706,0.4829825,0.8223301
0.3063978,0.4867259,0.8184448
0.3041205,0.4856457,0.8183437
0.2985365,0.4805729,0.8193859
0.2933155,0.4765989,0.8216625
0.285872,0.4750465,0.8212593
0.2877504,0.4771545,0.8211087
0.2872375,0.4765585,0.8278463
0.2807244,0.4756677,0.8322726
0.2830914,0.477464,0.8306299
0.2838499,0.4774772,0.8278576
0.28036,0.4770966,0.8262288
0.2823442,0.4729024,0.82199
0.2824349,0.4691762,0.8167207
0.2820644,0.4740162,0.8192031
0.2882308,0.4768368,0.8208293
0.2972333,0.4761989,0.8173662
0.3053261,0.4782688,0.8179919
0.3061067,0.4776829,0.8188196
0.3003351,0.474537,0.8193551
0.2967763,0.4730283,0.8226216
0.295635,0.4733872,0.8254101
0.2940476,0.4741887,0.8284227
0.2920016,0.4745322,0.8276884
0.2905635,0.4760363,0.8242134
0.2869171,0.4770044,0.8257386
0.2813865,0.4761234,0.8253994
0.2814731,0.4762993,0.8197105
0.2849657,0.4766369,0.8177091
0.2877387,0.4768861,0.8227716
0.2901724,0.4800471,0.8297565
0.2907401,0.4825511,0.8302588
0.2920754,0.4790289,0.82758
0.294043,0.4735762,0.8269603
0.294502,0.4728088,0.8235577
0.294185,0.4746122,0.8206871
0.2916118,0.4756725,0.8201698
0.2898754,0.4756234,0.821949
0.2928972,0.4722088,0.8263591
0.2949703,0.4699659,0.8228153
0.2905626,0.4716552,0.8184515
0.2848482,0.4716179,0.8221166
0.2823958,0.4722711,0.8234692
0.279025,0.4741688,0.8261906
0.2770721,0.4753933,0.8304402
0.2819949,0.4790106,0.8284486
0.2867033,0.4799956,0.8254264
0.2866395,0.4783896,0.8210773
0.2867291,0.4778224,0.8183884
0.287969,0.4739234,0.823376
0.2887859,0.4705158,0.8266351
0.2899486,0.4704415,0.8240499
0.2916329,0.4692328,0.8209377
0.291974,0.4680282,0.8186196
0.2909139,0.4688336,0.8185729
0.2887198,0.4717818,0.8221644
0.2849091,0.4756666,0.8281498
0.283591,0.4767518,0.8322285
0.2843588,0.4758595,0.8294787
0.2823499,0.476276,0.8242642
0.2793774,0.4748272,0.8213138
0.277712,0.47329,0.8190134
0.280316,0.4773855,0.8233372
0.2862301,0.4805624,0.8317874
0.2874093,0.4791771,0.8320209
0.2872142,0.478818,0.8271872
0.2893347,0.4803454,0.8236288
0.2873596,0.4809588,0.8227432
0.28549,0.4803321,0.8182868
0.2897234,0.4805876,0.8110505
0.2949913,0.4801303,0.8203231
0.2963517,0.4776867,0.8312318
0.2927479,0.476298,0.8229968
0.2885961,0.4786253,0.8190939
0.2885901,0.4811169,0.822028
0.2901193,0.4762002,0.8173386
0.2899465,0.4716951,0.8155517
0.2872631,0.475676,0.818852
0.2818029,0.4778779,0.8264614
0.274464,0.4772743,0.8434435
0.2718689,0.4836356,0.8579527
0.293288,0.5001811,0.8492001
0.3417867,0.5190183,0.8015393
0.37184,0.5206187,0.7544509
0.3512292,0.5031646,0.7719136
0.310853,0.4939894,0.797298
0.2789806,0.5050914,0.7768293
0.2703042,0.5123008,0.7834745
0.2959538,0.4986424,0.8090924
0.3167326,0.484965,0.8102366
0.3150438,0.4863295,0.8108248
0.3143044,0.4860358,0.7891058
0.3065934,0.4816685,0.7701927
0.3012303,0.4833273,0.7850353
0.3046801,0.4874307,0.7988371
0.3018522,0.499714,0.8192812
0.3061192,0.5158122,0.8250283
0.3210995,0.5154415,0.807072
0.3407288,0.5113109,0.804558
0.3473907,0.5133342,0.810563
0.3372059,0.5054662,0.8149013
0.3344996,0.4987919,0.8027272
0.3210729,0.4982709,0.7777353
0.3051803,0.4934354,0.7692625
0.3120013,0.4905303,0.7783236
0.3078321,0.4786478,0.7932133
0.2966592,0.4708361,0.8018274
0.3023471,0.4856367,0.8162084
0.3069022,0.4940781,0.8214346
0.3068745,0.4979006,0.7972298
0.3111749,0.5033014,0.7855089
0.3167785,0.4989676,0.7903762
0.3246155,0.4923118,0.7989368
0.3286391,0.4803992,0.8174329
0.3176104,0.4762429,0.8253858
0.307372,0.4857425,0.8183264
0.3110467,0.4939218,0.8060063
0.3136719,0.5025516,0.7959999
0.3111506,0.5033735,0.7889558
0.3093573,0.500909,0.7880445
0.3053375,0.503939,0.7995917
0.3029725,0.4996529,0.8122324
0.3083127,0.4929598,0.8265132
0.3149933,0.4882306,0.8256423
0.3214421,0.4825409,0.8122252
0.3286414,0.4795839,0.8164194
0.3296094,0.4772862,0.8094735
0.3247311,0.4777127,0.7931798
0.3159964,0.4811264,0.789303
0.308602,0.4876924,0.792413
0.3067425,0.4963964,0.8090456
0.3019918,0.4947821,0.8124331
0.3001545,0.4908121,0.8110084
0.3084715,0.4918453,0.8190128
0.3175562,0.4878555,0.8112374
0.3241184,0.4894681,0.8056964
0.3259657,0.4973636,0.7981156
0.3241381,0.5029154,0.7927987
0.3249145,0.5081032,0.8042836
0.3214338,0.499368,0.8056194
0.308339,0.4851694,0.8103396
0.2925966,0.4851886,0.8121566
0.2853603,0.4876125,0.8019618
0.2923551,0.4877861,0.8026904
0.3052142,0.4886495,0.7967455
0.3174348,0.488674,0.7920022
0.3185526,0.4879666,0.7988912
0.3049389,0.4812599,0.8096156
0.3001037,0.4733388,0.8280659
0.3050832,0.4674735,0.8278313
0.3115198,0.4551176,0.8134081
0.3252399,0.4428544,0.8068108
0.3297057,0.4448854,0.8038377
0.317273,0.4584591,0.8109519
0.2990811,0.4762738,0.8202828
0.2847243,0.494435,0.8288596
0.2816691,0.5056299,0.8371002
0.2839189,0.5154113,0.831569
0.2929363,0.5207006,0.8221586
0.3117796,0.5038425,0.8116202
0.325571,0.4810482,0.7996406
0.3252898,0.4677575,0.7988878
0.3146572,0.458377,0.8026038
0.2956217,0.4604274,0.8102095
0.2757282,0.4682881,0.8226664
0.2720288,0.4707689,0.8257371
0.2774464,0.4742113,0.8256105
0.2778922,0.4776085,0.8315609
0.2827252,0.4801338,0.8352092
0.2899723,0.4887098,0.8327243
0.2948316,0.4979962,0.8234729
0.3021281,0.4995888,0.809645
0.307248,0.4948018,0.7985242
0.3079511,0.4880497,0.7967656
0.2974886,0.4829646,0.8124159
0.2797165,0.4782373,0.8289916
0.2810267,0.4715788,0.8203329
0.2953713,0.4631278,0.8028454
0.3037432,0.4571846,0.7930849
0.3141806,0.4602496,0.7900769
0.3233727,0.4658513,0.8030799
0.322677,0.4689803,0.815104
0.3169468,0.4766025,0.8156716
0.3135123,0.49018,0.8218809
0.3156715,0.5034372,0.8249716
0.3150196,0.5071587,0.8239181
0.3096066,0.5043555,0.8303554
0.300237,0.498537,0.8351268
0.2850073,0.4841223,0.8334044
0.2703729,0.4767649,0.8300188
0.2542002,0.4816992,0.8319501
0.2411513,0.4850815,0.8370861
0.246413,0.4903199,0.8379215
0.2702416,0.4905649,0.835838
0.2955741,0.4865324,0.8336147
0.2999183,0.488145,0.8326857
0.3006275,0.4793813,0.8232003
0.320851,0.4693462,0.8068463
0.3283958,0.4730493,0.8029275
0.3204225,0.4715842,0.8031534
0.3228586,0.4663294,0.7981699
0.3109921,0.4706646,0.8025049
0.2904881,0.4764677,0.8097365
0.2930761,0.479921,0.8033399
0.2935568,0.4880947,0.7991304
0.2830342,0.4965921,0.8063382
0.2824323,0.5028234,0.8073155
0.2862207,0.5135089,0.8019761
0.2891608,0.5240876,0.8012601
0.2965347,0.5308374,0.81181
0.3117508,0.5282609,0.8218747
0.3300847,0.5068044,0.806504
0.3320347,0.472046,0.7895562
0.310166,0.4429216,0.7975897
0.288213,0.436163,0.8102148
0.2831805,0.4377479,0.8287012
0.2811157,0.4402051,0.8520232
0.2792424,0.4558017,0.8495328
0.2893441,0.4730721,0.8312474
0.3047486,0.4898062,0.8148422
0.3233173,0.5005361,0.7902187
0.339854,0.501129,0.7743311
0.3379904,0.5127023,0.7810926
0.3297838,0.5190116,0.7945648
0.3207652,0.5094877,0.8022043
0.3037546,0.5003247,0.7957385
0.2999777,0.4884728,0.7935171
0.3189208,0.4839414,0.820714
0.3308034,0.4837237,0.8465811
0.303952,0.4751878,0.8381323
0.2746991,0.474287,0.8252116
0.2891693,0.4769434,0.8168973
0.3000707,0.4739368,0.7863341
0.2919372,0.4775452,0.768252
0.2987896,0.4841279,0.7818573
0.2996985,0.4900945,0.7970154
0.2997514,0.4984647,0.8146654
0.3126,0.5016174,0.8134982
0.31613,0.5029729,0.7970589
0.3154843,0.503561,0.8037103
0.3133333,0.4997557,0.809008
0.3101767,0.498448,0.8102508
0.3092215,0.492613,0.8138373
0.3035737,0.4834527,0.8046642
0.3036769,0.4844397,0.8043972
0.2996268,0.4891842,0.8042333
0.2852689,0.4911891,0.7987151
0.2827987,0.4901172,0.8029513
0.2885502,0.4866038,0.8042031
0.2945581,0.4811775,0.8131439
0.2990159,0.4753672,0.824467
0.2956895,0.4756585,0.8241694
0.2874595,0.4740883,0.8335938
0.2811431,0.4687573,0.8429237
0.2846396,0.4715899,0.8307859
0.2928976,0.4743581,0.8171241
0.295656,0.4741875,0.8198893
0.2940075,0.4791717,0.8186005
0.2902704,0.4804931,0.8118846
0.2879601,0.4784664,0.8164368
0.2892908,0.4814863,0.8157177
0.2919878,0.4834191,0.8118447
0.2929804,0.4821061,0.8153916
0.2886164,0.4798211,0.8213822
0.2806528,0.4772209,0.8309129
0.2776149,0.4769524,0.8280051
0.2819786,0.477031,0.8200161
0.2866785,0.4768598,0.8208512
0.2879943,0.4764103,0.8123538
0.28684,0.4747963,0.8051508
0.2866214,0.4735964,0.8104328
0.2924381,0.4704777,0.8143187
0.2977658,0.4674697,0.8180149
0.2943719,0.4682949,0.8266486
0.2908924,0.4700292,0.8361214
0.291674,0.4711266,0.8343722
0.2892994,0.4701579,0.8254841
0.2879893,0.4694525,0.8258131
0.2914842,0.4731779,0.8270044
0.2916515,0.4761199,0.8243831
0.2876197,0.4742574,0.8227672
0.281519,0.4723125,0.8185363
0.2772155,0.4724711,0.8196476
0.2803181,0.4725447,0.8272231
0.2827067,0.4754357,0.8294159
0.2814047,0.4815745,0.8265696
0.2821819,0.4847888,0.8237297
0.2820427,0.4854712,0.8217872
0.2821732,0.4857486,0.8199093
0.2856619,0.4836586,0.8148055
0.2903068,0.4778301,0.8085929
0.2923837,0.4718361,0.8154638
0.2876604,0.4708375,0.8294294
0.282354,0.4691471,0.8301945
0.2821483,0.4655361,0.8298485
0.2820395,0.4673875,0.8332729
0.2816636,0.4702141,0.8288827
0.2830616,0.4713413,0.8246283
0.2863468,0.4768404,0.8220144
0.2905409,0.4843263,0.8209485
0.2918632,0.4876961,0.8214192
0.2937583,0.4901334,0.8182382
0.2968773,0.4929748,0.8182299
0.2929276,0.4914825,0.8186899
0.2880125,0.4900484,0.8171694
0.289327,0.490532,0.8185921
0.2920292,0.4872082,0.817522
0.2982454,0.4797399,0.8149901
0.3032799,0.4726242,0.814091
0.2973287,0.4747978,0.8164355
0.2881579,0.4798488,0.8217477
0.2848015,0.4770034,0.8206666
0.2875296,0.477423,0.8174735
0.2904374,0.4798826,0.819653
0.2893116,0.4783506,0.8182069
0.2918333,0.4797141,0.8089872
0.2964929,0.4797813,0.8013076
0.2957213,0.4812119,0.8033951
0.2976796,0.4844272,0.8079455
0.3036528,0.480398,0.8100269
0.3051735,0.478371,0.8173245
0.3049522,0.482166,0.8214677
0.3056706,0.4839754,0.8170091
0.3042544,0.4812084,0.8133182
0.2980148,0.4765992,0.8097173
0.2901939,0.4760585,0.8143111
0.2893176,0.4777288,0.8229682
0.2905395,0.4801992,0.8164079
0.2879999,0.4831449,0.8117311
0.2882716,0.4832507,0.8159033
0.2879087,0.4815003,0.8136732
0.2843519,0.4789031,0.8143874
0.2834242,0.4792178,0.8206014
0.2819639,0.4824007,0.8236111
0.2829265,0.4829228,0.8220599
0.2900856,0.4792474,0.818457
0.2940571,0.473842,0.8188188
0.2926364,0.4723316,0.8223083
0.2891096,0.471509,0.8263064
0.2865271,0.4713567,0.8258275
0.2886907,0.476009,0.8224708
0.2914484,0.4758178,0.8233103
0.2919678,0.4746516,0.8193177
0.2912042,0.4769546,0.8162863
0.2876978,0.4725735,0.8263746
0.2814664,0.4692314,0.8354919
0.2772074,0.4713508,0.8344809
0.279403,0.4719446,0.8322534
0.2820306,0.4723389,0.8365202
0.2816431,0.4726349,0.837049
0.2833779,0.4742723,0.8262849
0.2872937,0.4774273,0.8167824
0.2915512,0.4784248,0.8162297
0.2912158,0.4775231,0.819254
0.2878308,0.4765714,0.8162673
0.2892359,0.4764348,0.8135453
0.2892762,0.4761926,0.8176795
0.2880607,0.4764367,0.8212334
0.290018,0.4763948,0.826309
0.2903444,0.4748439,0.8256703
0.2912941,0.4731655,0.8215916
0.2886901,0.4708171,0.8279572
0.2827448,0.4684933,0.8311744
0.2824658,0.466141,0.8282438
0.2800358,0.4659375,0.8234383
0.2762582,0.4689048,0.8188675
0.2785607,0.4702159,0.8250782
0.2819963,0.4731544,0.8294227
0.2860616,0.4767054,0.8270881
0.2904666,0.4764474,0.827603
0.2924518,0.4776338,0.8258467
0.2910651,0.4789781,0.82342
0.289243,0.478868,0.8233411
0.2906356,0.477193,0.8238445
0.2902088,0.4723604,0.8250917
0.2879395,0.4696238,0.828169
0.2884739,0.4703609,0.8357689
0.2924891,0.4759035,0.8393247
0.2977535,0.4832823,0.8302774
0.2953175,0.482895,0.818289
0.2879482,0.4802431,0.8094785
0.285589,0.4792143,0.7972149
0.2875314,0.4744612,0.7926911
0.29193,0.4720218,0.8007996
0.2918646,0.4749718,0.8037365
0.2865437,0.4779676,0.8204844
0.2829545,0.4830533,0.851818
0.2836884,0.4891647,0.8538859
0.3009581,0.4920056,0.8296765
0.3298011,0.4926726,0.7890074
0.3392994,0.4852957,0.7512428
0.3202465,0.4716456,0.7602874
0.2942233,0.4678929,0.7830595
0.2849287,0.4768378,0.7906133
0.2942782,0.4881604,0.8067427
0.3082037,0.4955118,0.8091503
0.3166943,0.4998982,0.8008345
0.3200483,0.4988125,0.8085004
0.3148988,0.4932535,0.8081958
0.3011721,0.4896207,0.8080955
0.2948827,0.4813029,0.8147266
0.2941398,0.4753628,0.8086951
0.2941374,0.4788522,0.8081582
0.2993917,0.4762878,0.8078691
0.3004157,0.4761025,0.805397
0.3005815,0.4842976,0.8135689
0.3034991,0.4880709,0.8143235
0.3093594,0.4915557,0.8127879
0.3243149,0.4954932,0.8127855
0.3379544,0.4962388,0.8113046
0.3395601,0.4915888,0.8138623
0.3235389,0.4817743,0.8117706
0.304426,0.4761994,0.8122673
0.3018817,0.4756191,0.8134876
0.3055199,0.4753875,0.8105702
0.3062882,0.4734604,0.8100085
0.3023664,0.4757534,0.8064782
0.2967589,0.481949,0.8090479
0.2926111,0.4816722,0.81631
0.2898007,0.4829062,0.8186954
0.2934148,0.486279,0.8205504
0.2965116,0.485638,0.8204288
0.2990701,0.4856027,0.8227815
0.3013256,0.4832489,0.8231057
0.3000184,0.4827301,0.8192385
0.3049662,0.4835319,0.8185041
0.3071679,0.4791665,0.8141422
0.3058864,0.4741801,0.8133382
0.3105619,0.4709425,0.8172479
0.311601,0.4737718,0.8164729
0.3100174,0.4769072,0.8184008
0.3084801,0.4752549,0.8188493
0.3066507,0.4780195,0.8168437
0.3030454,0.4815306,0.8172728
0.294765,0.4830044,0.8136228
0.291747,0.4834645,0.8112605
0.2925725,0.4792812,0.8128454
0.293947,0.4764395,0.8121104
0.2989477,0.4768615,0.8096471
0.2994749,0.4763352,0.8084312
0.2981857,0.47523,0.8127345
0.3012832,0.4747635,0.818632
0.3046322,0.4750812,0.8198231
0.3063921,0.4751712,0.8203414
0.3056641,0.4758623,0.8197153
0.305017,0.4767332,0.8162575
0.3059634,0.4758583,0.8169398
0.3056764,0.4735979,0.8191945
0.3060551,0.4714575,0.8176322
0.3066121,0.4719198,0.8178613
0.3050228,0.4728157,0.8185351
0.3038296,0.4720843,0.8175984
0.3012909,0.473048,0.8188398
0.2970503,0.4741594,0.8214558
0.2965459,0.473639,0.8256996
0.2975225,0.474401,0.8255356
0.2956769,0.475256,0.8189165
0.292237,0.4741056,0.8182319
0.2875121,0.4731579,0.8217043
0.2828815,0.4736373,0.8223947
0.2818002,0.4738081,0.8254669
0.2857545,0.4734367,0.8275245
0.2910149,0.4736507,0.8244198
0.2919082,0.4736902,0.8243076
0.2912075,0.4736696,0.8270436
0.2920625,0.4744122,0.8272028
0.291581,0.4741851,0.8278895
0.2919862,0.4725044,0.8278475
0.2950414,0.4715326,0.8252883
0.2988896,0.4711095,0.8231134
0.3031257,0.4682369,0.8192778
0.3038873,0.4625121,0.8151778
0.2989137,0.4561771,0.8146401
0.2928275,0.4544097,0.8180139
0.2896815,0.464153,0.8279821
0.2864563,0.4759732,0.8378784
0.2843129,0.4774922,0.8342186
0.286566,0.4804038,0.8262557
0.2838503,0.4860481,0.8269255
0.2795438,0.481923,0.8251937
0.2814816,0.4767165,0.8231526
0.2820731,0.4746518,0.8252933
0.2859013,0.4727028,0.8173732
0.2903339,0.4744476,0.8118041
0.2891774,0.4736117,0.81943
0.2922229,0.472763,0.8253623
0.2933735,0.4739918,0.8256174
0.2930889,0.4693488,0.822532
0.2982889,0.4669401,0.8216154
0.2965005,0.4682514,0.8229953
0.2889296,0.4684037,0.8236491
0.2847116,0.4700797,0.8258658
0.2850708,0.470833,0.8241711
0.2875077,0.4703586,0.8198101
0.2857257,0.468893,0.8163869
0.2854305,0.4691101,0.8156377
0.2871803,0.4700707,0.8191757
0.2848294,0.4680394,0.8207801
0.2835128,0.469426,0.8226145
0.2816245,0.4725844,0.8231545
0.2812489,0.4739764,0.8210604
0.2854767,0.4733114,0.8234983
0.2877915,0.4712288,0.826009
0.2915632,0.4734658,0.8281764
0.2939906,0.4742921,0.8289317
0.2934068,0.4729805,0.8261661
0.296107,0.4740409,0.8264041
0.2961633,0.472892,0.8249466
0.2951757,0.4705135,0.8238675
0.2948801,0.4669101,0.8261972
0.2909535,0.464577,0.8253884
0.2879,0.4658818,0.8295228
0.2842945,0.466201,0.8358597
0.2784725,0.4680468,0.8341508
0.2746483,0.4709052,0.8298389
0.2744944,0.4727241,0.8263784
0.2755224,0.4741212,0.8254773
0.2747418,0.4713815,0.8227006
0.2749558,0.4680847,0.8173402
0.2770416,0.4677751,0.8192727
0.2836099,0.4681667,0.8227885
0.2927539,0.4693422,0.826309
0.2947034,0.4713911,0.8355773
0.2968035,0.476677,0.8380183
0.2998621,0.4853043,0.8319767
0.2926011,0.4917415,0.8269672
0.2872054,0.4938441,0.8201452
0.2883435,0.4947616,0.8141496
0.2856275,0.4959866,0.8107712
0.2852294,0.4939795,0.8073535
0.287299,0.4889676,0.8095124
0.28654,0.4830171,0.8156033
0.2876584,0.4753132,0.8227938
0.287836,0.4690783,0.8316859
0.2847574,0.4616877,0.8376193
0.2786391,0.4509311,0.840645
0.2681756,0.448172,0.8427469
0.2646616,0.4528269,0.8444176
0.2748747,0.4565171,0.8397386
0.2942214,0.4670628,0.8276173
0.314683,0.4873338,0.818283
0.3152811,0.5044627,0.810005
0.2920971,0.5087963,0.8062894
0.2666616,0.5017083,0.808145
0.2506804,0.4930069,0.8052193
0.2512514,0.4917552,0.8034059
0.2618742,0.493852,0.8015567
0.2701612,0.4923549,0.8033004
0.2797684,0.4885511,0.8184067
0.2798998,0.479502,0.8377192
0.2748227,0.4666739,0.8570377
0.2799354,0.4550708,0.8619464
0.2815788,0.4385656,0.849397
0.2857733,0.4238858,0.8383914
0.2917066,0.4191481,0.8276166
0.2834487,0.4168353,0.825639
0.2752584,0.422504,0.8346431
0.2707488,0.4361058,0.8395563
0.2703604,0.4473963,0.8453802
0.2726291,0.4615089,0.8487829
0.2672751,0.4715819,0.8486109
0.2661516,0.4729967,0.8502587
0.2661631,0.4790863,0.8463508
0.2636238,0.4839064,0.8425285
0.2690227,0.484381,0.8386082
0.2749784,0.4860197,0.8274568
0.2800427,0.4868719,0.8176401
0.2750883,0.491013,0.8177334
0.2572037,0.4921512,0.8291842
0.2501703,0.4906161,0.8350371
0.2537756,0.4919811,0.8239486
0.2604692,0.4869357,0.8147894
0.2690281,0.4799263,0.8183666
0.2734629,0.4735268,0.8243995
0.2778024,0.4685167,0.825652
0.283253,0.4715749,0.826996
0.2890641,0.4743078,0.8284582
0.2892846,0.4752625,0.8261228
0.2864726,0.4765132,0.8217696
0.2946372,0.4760691,0.8161255
0.300549,0.4768563,0.8170283
0.3002453,0.4772627,0.8193055
0.304586,0.4778212,0.8132417
0.3027675,0.4783734,0.811427
0.2896348,0.4784127,0.8132793
0.2720791,0.4805066,0.8140585
0.2652399,0.4808686,0.8177494
0.2752048,0.4793019,0.8231994
0.2875039,0.4788505,0.8274558
0.2965973,0.4780152,0.8166034
0.2966466,0.4760061,0.8032178
0.2904382,0.4717234,0.8131505
0.2917677,0.4658041,0.8235896
0.2906261,0.4622144,0.8208372
0.28751,0.4617768,0.8218214
0.2900553,0.460811,0.8193922
0.2874833,0.4582184,0.8107006
0.2866445,0.4581266,0.8099255
0.2886296,0.4612663,0.8170122
0.2861866,0.4660252,0.8250152
0.2856117,0.472474,0.8274588
0.2817019,0.4760883,0.8295354
0.2788406,0.4752129,0.8343572
0.2814709,0.4754868,0.8305159
0.2801917,0.4771335,0.8249778
0.2794471,0.4778779,0.8221833
0.2801604,0.480403,0.8205676
0.2833076,0.4825838,0.8261627
0.2894442,0.4793411,0.8252754
0.2906839,0.4766618,0.8194886
0.2908265,0.4801283,0.8190551
0.2878987,0.4834026,0.8172022
0.2782872,0.4831905,0.8170105
0.2722017,0.480861,0.8135037
0.2729363,0.4757812,0.8109112
0.2789926,0.4703432,0.8193954
0.287346,0.4654318,0.8278631
0.2902118,0.4584748,0.835912
0.2895059,0.4511788,0.8422769
0.2891319,0.4434937,0.8487476
0.2869227,0.4310328,0.8544143
0.2881841,0.4237312,0.8455293
0.292867,0.4354096,0.8393302
0.2973565,0.4537337,0.8369808
0.3062554,0.4681622,0.8247864
0.3105966,0.486653,0.8190769
0.3056806,0.501549,0.8161782
0.303597,0.5040492,0.813825
0.3038336,0.5022799,0.8165627
0.3012698,0.5000418,0.8122905
0.2982816,0.4967101,0.8087265
0.2981777,0.4931062,0.8085029
0.3000795,0.4920632,0.806975
0.2997502,0.4927424,0.8074588
0.2972337,0.489463,0.805708
0.2923372,0.4824366,0.8092757
0.2885326,0.4738208,0.8178119
0.2904784,0.4668057,0.8255274
0.2919601,0.4607215,0.8360167
0.2912797,0.45601,0.8332352
0.2915812,0.4563723,0.825767
0.2899032,0.4524207,0.8357895
0.2880973,0.4503322,0.8406107
0.2889497,0.4554346,0.8354552
0.2896958,0.4530817,0.8353449
0.2913317,0.4542965,0.8309931
0.2939449,0.4587133,0.827219
0.2939701,0.458505,0.8295777
0.2950143,0.4654161,0.828686
0.2982345,0.4664174,0.8278438
0.2967646,0.4653277,0.8288269
0.2945545,0.4746396,0.8283101
0.2958497,0.4797236,0.8272356
0.2929953,0.4812798,0.8260045
0.2885048,0.4788867,0.8244916
0.2883517,0.474789,0.8213459
0.2881821,0.4747321,0.8183422
0.2874267,0.4700238,0.8189961
0.2882401,0.4670741,0.8203115
0.290039,0.4675503,0.8197693
0.2925961,0.4655542,0.8227525
0.2946134,0.4639502,0.8274034
0.2919438,0.4608915,0.8290364
0.2859194,0.4610316,0.8336266
0.2862574,0.4656062,0.8352022
0.2929301,0.4685172,0.8260578
0.2992937,0.4701187,0.8165302
0.3014179,0.4719084,0.8114201
0.2975638,0.4745122,0.809141
0.2961826,0.4739402,0.8123057
0.2968699,0.4715689,0.8206596
0.2915646,0.4714817,0.8279716
0.2875916,0.4692291,0.8297296
0.290249,0.467018,0.8290834
0.2935157,0.4666752,0.8284771
0.293514,0.4661659,0.8266272
0.2950408,0.4672663,0.8240131
0.2963603,0.4677356,0.8238141
0.2906361,0.4688519,0.8248668
0.2873051,0.4703045,0.8236693
0.2891569,0.4691949,0.8226241
0.2890931,0.4706308,0.822721
0.2886585,0.4732512,0.8254781
0.2878382,0.4738542,0.829375
0.2884397,0.4738956,0.8275466
0.2928156,0.4732269,0.8250931
0.2973995,0.4737402,0.8255713
0.2967278,0.4736198,0.8263179
0.2942909,0.4723659,0.8285579
0.296598,0.4720821,0.8285111
0.2959891,0.4707349,0.8287457
0.293963,0.4687264,0.8316877
0.2945856,0.4660879,0.83032
0.2910292,0.4634253,0.8280491
0.2887909,0.4621718,0.8278765
0.289133,0.4616417,0.8273139
0.2878534,0.4615803,0.8285993
0.2865966,0.4609315,0.8305746
0.2860918,0.4629608,0.8323735
0.2878601,0.4663347,0.8314104
0.2885217,0.4668885,0.8241608
0.2901075,0.4696109,0.8164474
0.2938041,0.4735306,0.8125125
0.2960721,0.4759714,0.8126214
0.2983046,0.4767848,0.8161775
0.2956589,0.4764714,0.820851
0.2945206,0.4781032,0.8237552
0.298439,0.4753465,0.8215239
0.2977658,0.4713192,0.8182805
0.2984449,0.4711839,0.8152011
0.2985233,0.4656071,0.8114295
0.2964933,0.4581573,0.8146025
0.3034505,0.4542699,0.8238325
0.3191685,0.4555372,0.8292402
0.3374613,0.4627708,0.8180473
0.3411931,0.4673015,0.8015273
0.3321524,0.4699882,0.8060845
0.3299581,0.4723738,0.8119543
0.3204763,0.4744302,0.8079729
0.3047858,0.4813274,0.8113939
0.3089704,0.4922939,0.8078702
0.3235537,0.5083107,0.8012133
0.3291182,0.5165787,0.802607
0.3195833,0.5063057,0.8032759
0.2957885,0.4978205,0.8186422
0.2693985,0.4971844,0.8482435
